{
 "actions": [],
 "allow_rename": 1,
 "creation": "2022-07-21 15:33:56.156048",
 "doctype": "DocType",
 "editable_grid": 1,
 "engine": "InnoDB",
 "field_order": [
  "address_type",
  "address",
  "address_line_1",
  "building_number",
  "district",
  "country",
  "column_break_6",
  "address_title",
  "address_line_2",
  "city",
  "state",
  "pincode",
  "index",
  "is_primary"
 ],
 "fields": [
  {
   "default": "Billing",
   "fieldname": "address_type",
   "fieldtype": "Select",
   "hidden": 1,
   "in_list_view": 1,
   "in_preview": 1,
   "label": "Address Type",
   "options": "Billing\nShipping\nOffice\nPersonal\nPlant\nPostal\nShop\nSubsidiary\nWarehouse\nCurrent\nPermanent\nOther",
   "read_only": 1
  },
  {
   "fieldname": "address_line_1",
   "fieldtype": "Data",
   "in_list_view": 1,
   "in_preview": 1,
   "label": "Address Line 1",
   "read_only": 1
  },
  {
   "fieldname": "building_number",
   "fieldtype": "Data",
   "label": "Building Number",
   "read_only": 1
  },
  {
   "fieldname": "district",
   "fieldtype": "Link",
   "label": "District",
   "options": "Territory",
   "read_only": 1
  },
  {
   "fieldname": "country",
   "fieldtype": "Link",
   "label": "Country",
   "options": "Country",
   "read_only": 1
  },
  {
   "fieldname": "column_break_6",
   "fieldtype": "Column Break"
  },
  {
   "fieldname": "address_title",
   "fieldtype": "Data",
   "hidden": 1,
   "in_list_view": 1,
   "in_preview": 1,
   "label": "Address Title",
   "read_only": 1
  },
  {
   "fieldname": "address_line_2",
   "fieldtype": "Data",
   "label": "Address Line 2",
   "read_only": 1
  },
  {
   "fieldname": "city",
   "fieldtype": "Data",
   "in_list_view": 1,
   "in_preview": 1,
   "label": "City",
   "read_only": 1
  },
  {
   "fieldname": "state",
   "fieldtype": "Data",
   "in_list_view": 1,
   "in_preview": 1,
   "label": "State",
   "read_only": 1
  },
  {
   "fieldname": "pincode",
   "fieldtype": "Data",
   "label": "Pincode",
   "read_only": 1
  },
  {
   "fieldname": "index",
   "fieldtype": "Data",
   "hidden": 1,
   "label": "index"
  },
  {
   "default": "0",
   "fieldname": "is_primary",
   "fieldtype": "Check",
   "hidden": 1,
   "in_list_view": 1,
   "in_preview": 1,
   "label": "Is Primary?"
  },
  {
   "fieldname": "address",
   "fieldtype": "Link",
   "in_list_view": 1,
   "in_preview": 1,
   "label": "Address ",
   "options": "Address"
  }
 ],
 "index_web_pages_for_search": 1,
 "istable": 1,
 "links": [],
 "modified": "2022-08-08 16:49:16.019128",
 "modified_by": "Administrator",
 "module": "a3sola Solar Management",
 "name": "Address Table",
 "owner": "Administrator",
 "permissions": [],
 "sort_field": "modified",
 "sort_order": "DESC"
}
