{
 "actions": [],
 "autoname": "autoincrement",
 "creation": "2022-03-18 12:20:34.249837",
 "doctype": "DocType",
 "editable_grid": 1,
 "engine": "InnoDB",
 "field_order": [
  "string_1",
  "string_2"
 ],
 "fields": [
  {
   "fieldname": "string_1",
   "fieldtype": "Data",
   "in_list_view": 1,
   "in_preview": 1,
   "label": "Inverter 1"
  },
  {
   "fieldname": "string_2",
   "fieldtype": "Data",
   "in_list_view": 1,
   "in_preview": 1,
   "label": "Inverter 2"
  }
 ],
 "index_web_pages_for_search": 1,
 "istable": 1,
 "links": [],
 "modified": "2022-05-04 14:10:43.283316",
 "modified_by": "Administrator",
 "module": "a3sola Solar Management",
 "name": "String per Module",
 "owner": "Administrator",
 "permissions": [],
 "sort_field": "modified",
 "sort_order": "DESC"
}
