{
 "actions": [],
 "allow_rename": 1,
 "creation": "2023-05-04 14:52:44.033682",
 "doctype": "DocType",
 "editable_grid": 1,
 "engine": "InnoDB",
 "field_order": [
  "order_number",
  "attachment"
 ],
 "fields": [
  {
   "fieldname": "order_number",
   "fieldtype": "Data",
   "in_list_view": 1,
   "in_preview": 1,
   "label": "Order Number"
  },
  {
   "fieldname": "attachment",
   "fieldtype": "Attach",
   "in_list_view": 1,
   "in_preview": 1,
   "label": "Attachment"
  }
 ],
 "index_web_pages_for_search": 1,
 "istable": 1,
 "links": [],
 "modified": "2023-05-04 14:52:52.957743",
 "modified_by": "Administrator",
 "module": "a3sola Solar Management",
 "name": "Quotation Print Images",
 "owner": "Administrator",
 "permissions": [],
 "sort_field": "modified",
 "sort_order": "DESC"
}