{
 "actions": [],
 "allow_rename": 1,
 "creation": "2023-08-25 15:47:12.803792",
 "doctype": "DocType",
 "editable_grid": 1,
 "engine": "InnoDB",
 "field_order": [
  "sl_no",
  "section_name",
  "body"
 ],
 "fields": [
  {
   "fieldname": "sl_no",
   "fieldtype": "Int",
   "label": "Sl No"
  },
  {
   "fieldname": "section_name",
   "fieldtype": "Data",
   "label": "Section Name"
  },
  {
   "fieldname": "body",
   "fieldtype": "Markdown Editor",
   "label": "Body"
  }
 ],
 "index_web_pages_for_search": 1,
 "istable": 1,
 "links": [],
 "modified": "2023-08-25 15:47:12.803792",
 "modified_by": "Administrator",
 "module": "a3sola Solar Management",
 "name": "Quotation Head",
 "owner": "Administrator",
 "permissions": [],
 "sort_field": "modified",
 "sort_order": "DESC"
}