{
 "actions": [],
 "allow_rename": 1,
 "creation": "2024-03-06 17:29:35.095244",
 "doctype": "DocType",
 "editable_grid": 1,
 "engine": "InnoDB",
 "field_order": [
  "consumer_number",
  "address",
  "electrical_section"
 ],
 "fields": [
  {
   "fieldname": "consumer_number",
   "fieldtype": "Data",
   "in_list_view": 1,
   "in_preview": 1,
   "in_standard_filter": 1,
   "label": "Consumer Number"
  },
  {
   "fieldname": "address",
   "fieldtype": "Link",
   "in_list_view": 1,
   "in_preview": 1,
   "in_standard_filter": 1,
   "label": "Address",
   "options": "Address"
  },
  {
   "fieldname": "electrical_section",
   "fieldtype": "Data",
   "in_list_view": 1,
   "in_preview": 1,
   "in_standard_filter": 1,
   "label": "Electrical Section"
  }
 ],
 "index_web_pages_for_search": 1,
 "istable": 1,
 "links": [],
 "modified": "2024-03-06 17:29:35.095244",
 "modified_by": "Administrator",
 "module": "a3sola Solar Management",
 "name": "Feasibility Report Details",
 "owner": "Administrator",
 "permissions": [],
 "sort_field": "modified",
 "sort_order": "DESC"
}