{
 "actions": [],
 "allow_rename": 1,
 "creation": "2023-04-28 16:33:34.290327",
 "doctype": "DocType",
 "editable_grid": 1,
 "engine": "InnoDB",
 "field_order": [
  "date",
  "detail"
 ],
 "fields": [
  {
   "fieldname": "date",
   "fieldtype": "Date",
   "in_list_view": 1,
   "in_preview": 1,
   "label": "Date",
   "read_only": 1
  },
  {
   "fieldname": "detail",
   "fieldtype": "Data",
   "in_list_view": 1,
   "in_preview": 1,
   "label": "Detail",
   "read_only": 1
  }
 ],
 "index_web_pages_for_search": 1,
 "istable": 1,
 "links": [],
 "modified": "2023-04-28 16:33:34.290327",
 "modified_by": "Administrator",
 "module": "a3sola Solar Management",
 "name": "Incentive Log",
 "owner": "Administrator",
 "permissions": [],
 "sort_field": "modified",
 "sort_order": "DESC"
}