{
 "actions": [],
 "allow_rename": 1,
 "creation": "2022-02-08 14:44:49.079426",
 "doctype": "DocType",
 "editable_grid": 1,
 "engine": "InnoDB",
 "field_order": [
  "checklist_item",
  "description",
  "attach_file",
  "done"
 ],
 "fields": [
  {
   "fieldname": "checklist_item",
   "fieldtype": "Data",
   "in_list_view": 1,
   "label": "Document Name"
  },
  {
   "allow_in_quick_entry": 1,
   "fieldname": "description",
   "fieldtype": "Text",
   "in_list_view": 1,
   "in_preview": 1,
   "label": "Description",
   "translatable": 1
  },
  {
   "fieldname": "attach_file",
   "fieldtype": "Attach",
   "in_list_view": 1,
   "in_preview": 1,
   "label": "Attach File"
  },
  {
   "default": "0",
   "fieldname": "done",
   "fieldtype": "Check",
   "in_list_view": 1,
   "in_preview": 1,
   "label": "Done"
  }
 ],
 "index_web_pages_for_search": 1,
 "istable": 1,
 "links": [],
 "modified": "2022-04-20 15:20:43.631952",
 "modified_by": "Administrator",
 "module": "a3sola Solar Management",
 "name": "Site Survey CheckList",
 "owner": "Administrator",
 "permissions": [],
 "sort_field": "modified",
 "sort_order": "DESC",
 "states": []
}
