{
 "actions": [],
 "allow_rename": 1,
 "creation": "2023-08-17 17:00:08.156832",
 "doctype": "DocType",
 "editable_grid": 1,
 "engine": "InnoDB",
 "field_order": [
  "item",
  "unit_price",
  "kwp",
  "total_cost"
 ],
 "fields": [
  {
   "fieldname": "item",
   "fieldtype": "HTML Editor",
   "in_list_view": 1,
   "in_preview": 1,
   "label": "Item"
  },
  {
   "fieldname": "unit_price",
   "fieldtype": "Currency",
   "in_list_view": 1,
   "in_preview": 1,
   "label": "Unit Price"
  },
  {
   "fieldname": "kwp",
   "fieldtype": "Data",
   "in_list_view": 1,
   "in_preview": 1,
   "label": "KWP"
  },
  {
   "fieldname": "total_cost",
   "fieldtype": "Currency",
   "in_list_view": 1,
   "in_preview": 1,
   "label": "Total cost"
  }
 ],
 "index_web_pages_for_search": 1,
 "istable": 1,
 "links": [],
 "modified": "2023-08-18 11:41:15.358527",
 "modified_by": "Administrator",
 "module": "a3sola Solar Management",
 "name": "Price Details",
 "owner": "Administrator",
 "permissions": [],
 "sort_field": "modified",
 "sort_order": "DESC"
}