{
 "actions": [],
 "allow_rename": 1,
 "creation": "2022-05-17 17:00:24.800128",
 "doctype": "DocType",
 "editable_grid": 1,
 "engine": "InnoDB",
 "field_order": [
  "consumer_numbers_of_the_premise",
  "tariff_category",
  "name_of_electrical_section"
 ],
 "fields": [
  {
   "fieldname": "consumer_numbers_of_the_premise",
   "fieldtype": "Data",
   "label": "Consumer number/s of the premise"
  },
  {
   "fieldname": "tariff_category",
   "fieldtype": "Data",
   "label": "Tariff category"
  },
  {
   "fieldname": "name_of_electrical_section",
   "fieldtype": "Data",
   "label": "Name of Electrical Section"
  }
 ],
 "index_web_pages_for_search": 1,
 "istable": 1,
 "links": [],
 "modified": "2022-05-17 17:00:24.800128",
 "modified_by": "Administrator",
 "module": "a3sola Solar Management",
 "name": "SA Additional",
 "owner": "Administrator",
 "permissions": [],
 "sort_field": "modified",
 "sort_order": "DESC"
}
