{
 "actions": [],
 "allow_rename": 1,
 "creation": "2024-02-06 14:38:20.898157",
 "doctype": "DocType",
 "editable_grid": 1,
 "engine": "InnoDB",
 "field_order": [
  "advance_payable_percentage",
  "processing_fee_percentage",
  "no_of_emi",
  "emi_amount",
  "column_break_fih4a",
  "advance_payable",
  "processing_fee",
  "interest_percentage"
 ],
 "fields": [
  {
   "fieldname": "advance_payable_percentage",
   "fieldtype": "Float",
   "in_list_view": 1,
   "in_preview": 1,
   "label": "Advance Payable Percentage",
   "precision": "2"
  },
  {
   "fieldname": "processing_fee_percentage",
   "fieldtype": "Float",
   "in_list_view": 1,
   "in_preview": 1,
   "label": "Processing Fee Percentage",
   "precision": "2"
  },
  {
   "fieldname": "no_of_emi",
   "fieldtype": "Int",
   "in_list_view": 1,
   "in_preview": 1,
   "label": "No of EMI"
  },
  {
   "fieldname": "advance_payable",
   "fieldtype": "Float",
   "in_list_view": 1,
   "in_preview": 1,
   "label": "Advance Payable",
   "precision": "2"
  },
  {
   "fieldname": "processing_fee",
   "fieldtype": "Float",
   "in_list_view": 1,
   "in_preview": 1,
   "label": "Processing Fee",
   "precision": "2"
  },
  {
   "fieldname": "interest_percentage",
   "fieldtype": "Float",
   "in_list_view": 1,
   "in_preview": 1,
   "label": "Interest Percentage",
   "precision": "2"
  },
  {
   "fieldname": "column_break_fih4a",
   "fieldtype": "Column Break"
  },
  {
   "fieldname": "emi_amount",
   "fieldtype": "Float",
   "in_list_view": 1,
   "in_preview": 1,
   "label": "EMI Amount",
   "precision": "2"
  }
 ],
 "index_web_pages_for_search": 1,
 "istable": 1,
 "links": [],
 "modified": "2024-02-06 15:13:09.692536",
 "modified_by": "Administrator",
 "module": "a3sola Solar Management",
 "name": "Customer EMI Details",
 "owner": "Administrator",
 "permissions": [],
 "sort_field": "modified",
 "sort_order": "DESC"
}