{
 "actions": [],
 "allow_rename": 1,
 "creation": "2024-01-10 18:38:08.151082",
 "doctype": "DocType",
 "editable_grid": 1,
 "engine": "InnoDB",
 "field_order": [
  "item_name"
 ],
 "fields": [
  {
   "fieldname": "item_name",
   "fieldtype": "Link",
   "label": "Item Name",
   "options": "Item"
  }
 ],
 "index_web_pages_for_search": 1,
 "istable": 1,
 "links": [],
 "modified": "2024-01-10 18:38:08.151082",
 "modified_by": "Administrator",
 "module": "a3sola Solar Management",
 "name": "Sales Invoice Item Table",
 "owner": "Administrator",
 "permissions": [],
 "sort_field": "modified",
 "sort_order": "DESC"
}