{
 "actions": [],
 "allow_rename": 1,
 "creation": "2023-03-20 15:36:17.200343",
 "doctype": "DocType",
 "editable_grid": 1,
 "engine": "InnoDB",
 "field_order": [
  "user",
  "incentive"
 ],
 "fields": [
  {
   "fieldname": "user",
   "fieldtype": "Link",
   "in_list_view": 1,
   "in_preview": 1,
   "label": "User",
   "options": "User"
  },
  {
   "fieldname": "incentive",
   "fieldtype": "Int",
   "in_list_view": 1,
   "in_preview": 1,
   "label": "Incentive"
  }
 ],
 "index_web_pages_for_search": 1,
 "istable": 1,
 "links": [],
 "modified": "2023-03-20 15:46:52.626485",
 "modified_by": "Administrator",
 "module": "a3sola Solar Management",
 "name": "Incentive",
 "owner": "Administrator",
 "permissions": [],
 "sort_field": "modified",
 "sort_order": "DESC"
}