{
 "actions": [],
 "autoname": "autoincrement",
 "creation": "2022-03-18 12:59:28.646933",
 "doctype": "DocType",
 "editable_grid": 1,
 "engine": "InnoDB",
 "field_order": [
  "engineer_name"
 ],
 "fields": [
  {
   "fieldname": "engineer_name",
   "fieldtype": "Data",
   "in_list_view": 1,
   "in_preview": 1,
   "label": "Engineer Name"
  }
 ],
 "index_web_pages_for_search": 1,
 "istable": 1,
 "links": [],
 "modified": "2022-03-18 13:01:41.106964",
 "modified_by": "Administrator",
 "module": "a3sola Solar Management",
 "name": "Service Report Engineers",
 "naming_rule": "Autoincrement",
 "owner": "Administrator",
 "permissions": [],
 "sort_field": "modified",
 "sort_order": "DESC",
 "states": []
}
