{
 "actions": [],
 "creation": "2023-07-31 10:28:51.046964",
 "doctype": "DocType",
 "editable_grid": 1,
 "engine": "InnoDB",
 "field_order": [
  "item_code",
  "qty",
  "description",
  "make",
  "rate",
  "uom"
 ],
 "fields": [
  {
   "fieldname": "item_code",
   "fieldtype": "Link",
   "in_global_search": 1,
   "in_list_view": 1,
   "label": "Item",
   "oldfieldname": "item_code",
   "oldfieldtype": "Link",
   "options": "Item",
   "reqd": 1
  },
  {
   "fieldname": "qty",
   "fieldtype": "Float",
   "in_list_view": 1,
   "label": "Qty",
   "oldfieldname": "qty",
   "oldfieldtype": "Currency",
   "reqd": 1
  },
  {
   "fetch_from": "item_code.description",
   "fetch_if_empty": 1,
   "fieldname": "description",
   "fieldtype": "Text Editor",
   "in_list_view": 1,
   "label": "Description",
   "oldfieldname": "description",
   "oldfieldtype": "Text",
   "print_width": "300px"
  },
  {
   "fieldname": "rate",
   "fieldtype": "Float",
   "hidden": 1,
   "label": "Rate",
   "oldfieldname": "rate",
   "oldfieldtype": "Currency",
   "print_hide": 1
  },
  {
   "fetch_from": "item_code.stock_uom",
   "fetch_if_empty": 1,
   "fieldname": "uom",
   "fieldtype": "Link",
   "in_list_view": 1,
   "label": "UOM",
   "oldfieldname": "uom",
   "oldfieldtype": "Link",
   "options": "UOM",
   "read_only": 1
  },
  {
   "fetch_from": "item_code.brand",
   "fieldname": "make",
   "fieldtype": "Link",
   "label": "Make",
   "options": "Brand"
  }
 ],
 "istable": 1,
 "links": [],
 "modified": "2023-08-02 11:19:04.283358",
 "modified_by": "Administrator",
 "module": "a3sola Solar Management",
 "name": "SunPower Kit Item",
 "owner": "Administrator",
 "permissions": [],
 "sort_field": "modified",
 "sort_order": "DESC",
 "track_changes": 1
}