{
 "actions": [],
 "allow_rename": 1,
 "creation": "2022-02-09 11:51:15.570718",
 "doctype": "DocType",
 "editable_grid": 1,
 "engine": "InnoDB",
 "field_order": [
  "item_code",
  "item_name",
  "description",
  "quantity",
  "uom",
  "rate",
  "amount"
 ],
 "fields": [
  {
   "fieldname": "item_code",
   "fieldtype": "Link",
   "in_list_view": 1,
   "label": "Item Code",
   "options": "Item"
  },
  {
   "fetch_from": "item_code.item_name",
   "fieldname": "item_name",
   "fieldtype": "Data",
   "in_list_view": 1,
   "in_preview": 1,
   "label": "Item Name",
   "translatable": 1
  },
  {
   "fetch_from": "item_code.description",
   "fieldname": "description",
   "fieldtype": "Long Text",
   "label": "Description"
  },
  {
   "default": "1",
   "fieldname": "quantity",
   "fieldtype": "Float",
   "in_list_view": 1,
   "in_preview": 1,
   "label": "Quantity",
   "precision": "2"
  },
  {
   "fetch_from": "item_code.stock_uom",
   "fieldname": "uom",
   "fieldtype": "Link",
   "in_list_view": 1,
   "in_preview": 1,
   "label": "UOM",
   "options": "UOM"
  },
  {
   "fetch_from": "item_code.price_list_rate",
   "fieldname": "rate",
   "fieldtype": "Currency",
   "in_list_view": 1,
   "in_preview": 1,
   "label": "Rate",
   "non_negative": 1
  },
  {
   "fieldname": "amount",
   "fieldtype": "Currency",
   "in_list_view": 1,
   "in_preview": 1,
   "label": "Amount",
   "options": "currency",
   "read_only": 1
  }
 ],
 "index_web_pages_for_search": 1,
 "istable": 1,
 "links": [],
 "modified": "2022-02-11 15:05:52.912538",
 "modified_by": "Administrator",
 "module": "a3sola Solar Management",
 "name": "Site Survey Item",
 "owner": "Administrator",
 "permissions": [],
 "sort_field": "modified",
 "sort_order": "DESC"
}
