{
 "actions": [],
 "autoname": "autoincrement",
 "creation": "2022-03-18 12:23:34.364266",
 "doctype": "DocType",
 "editable_grid": 1,
 "engine": "InnoDB",
 "field_order": [
  "serial_numbers"
 ],
 "fields": [
  {
   "fieldname": "serial_numbers",
   "fieldtype": "Data",
   "in_list_view": 1,
   "in_preview": 1,
   "label": "Serial Numbers"
  }
 ],
 "index_web_pages_for_search": 1,
 "istable": 1,
 "links": [],
 "modified": "2022-03-18 12:28:11.034041",
 "modified_by": "Administrator",
 "module": "a3sola Solar Management",
 "name": "Battery Series No",
 "naming_rule": "Autoincrement",
 "owner": "Administrator",
 "permissions": [],
 "sort_field": "modified",
 "sort_order": "DESC",
 "states": []
}
