{
 "actions": [],
 "allow_rename": 1,
 "creation": "2023-08-21 14:02:05.974550",
 "doctype": "DocType",
 "editable_grid": 1,
 "engine": "InnoDB",
 "field_order": [
  "kseb_charge",
  "additional_spec_item",
  "additional_spec_detail",
  "quantity",
  "unit_rate",
  "tax_rate",
  "item_tax",
  "total_amount",
  "phase__3_amount",
  "phase_1_amount"
 ],
 "fields": [
  {
   "fieldname": "kseb_charge",
   "fieldtype": "Data",
   "in_list_view": 1,
   "in_preview": 1,
   "label": "Additional Spec Charge"
  },
  {
   "fieldname": "phase__3_amount",
   "fieldtype": "Currency",
   "hidden": 1,
   "in_list_view": 1,
   "in_preview": 1,
   "label": "Phase  3 Amount"
  },
  {
   "fieldname": "phase_1_amount",
   "fieldtype": "Currency",
   "hidden": 1,
   "in_list_view": 1,
   "in_preview": 1,
   "label": "Phase 1 Amount"
  },
  {
   "fieldname": "additional_spec_item",
   "fieldtype": "Data",
   "in_list_view": 1,
   "in_preview": 1,
   "label": "Additional Spec Item"
  },
  {
   "fieldname": "additional_spec_detail",
   "fieldtype": "Small Text",
   "label": "Additional Spec Detail"
  },
  {
   "fieldname": "quantity",
   "fieldtype": "Data",
   "in_list_view": 1,
   "in_preview": 1,
   "label": "Quantity"
  },
  {
   "fieldname": "unit_rate",
   "fieldtype": "Currency",
   "in_list_view": 1,
   "in_preview": 1,
   "label": "Unit Rate"
  },
  {
   "fieldname": "tax_rate",
   "fieldtype": "Currency",
   "in_list_view": 1,
   "in_preview": 1,
   "label": "Tax Rate"
  },
  {
   "fieldname": "item_tax",
   "fieldtype": "Currency",
   "in_list_view": 1,
   "in_preview": 1,
   "label": "Item Tax"
  },
  {
   "fieldname": "total_amount",
   "fieldtype": "Currency",
   "in_list_view": 1,
   "in_preview": 1,
   "label": "Total Amount"
  }
 ],
 "index_web_pages_for_search": 1,
 "istable": 1,
 "links": [],
 "modified": "2023-09-19 10:23:40.553166",
 "modified_by": "Administrator",
 "module": "a3sola Solar Management",
 "name": "KSEB Charges",
 "owner": "Administrator",
 "permissions": [],
 "sort_field": "modified",
 "sort_order": "DESC"
}