{
 "actions": [],
 "allow_rename": 1,
 "creation": "2023-08-12 11:28:13.864776",
 "doctype": "DocType",
 "editable_grid": 1,
 "engine": "InnoDB",
 "field_order": [
  "module",
  "title",
  "description",
  "image",
  "video",
  "documentation",
  "website"
 ],
 "fields": [
  {
   "fieldname": "module",
   "fieldtype": "Link",
   "in_list_view": 1,
   "in_preview": 1,
   "label": "Module",
   "options": "Module Def"
  },
  {
   "fieldname": "title",
   "fieldtype": "Data",
   "in_list_view": 1,
   "in_preview": 1,
   "label": "Title",
   "reqd": 1
  },
  {
   "fieldname": "description",
   "fieldtype": "Small Text",
   "in_list_view": 1,
   "in_preview": 1,
   "label": "Description"
  },
  {
   "fieldname": "image",
   "fieldtype": "Attach",
   "in_list_view": 1,
   "in_preview": 1,
   "label": "Image"
  },
  {
   "fieldname": "video",
   "fieldtype": "Data",
   "in_list_view": 1,
   "in_preview": 1,
   "label": "Video ",
   "options": "URL"
  },
  {
   "default": "0",
   "fieldname": "documentation",
   "fieldtype": "Check",
   "label": "Documentation"
  },
  {
   "default": "0",
   "fieldname": "website",
   "fieldtype": "Check",
   "label": "Website"
  }
 ],
 "index_web_pages_for_search": 1,
 "istable": 1,
 "links": [],
 "modified": "2023-08-12 11:42:39.024702",
 "modified_by": "Administrator",
 "module": "a3sola Solar Management",
 "name": "Documentation Contents",
 "owner": "Administrator",
 "permissions": [],
 "sort_field": "modified",
 "sort_order": "DESC"
}