{
 "actions": [],
 "allow_rename": 1,
 "creation": "2023-02-13 12:01:35.168739",
 "doctype": "DocType",
 "editable_grid": 1,
 "engine": "InnoDB",
 "field_order": [
  "time",
  "vdc",
  "idc",
  "wdc",
  "wac",
  "irradiance"
 ],
 "fields": [
  {
   "fieldname": "time",
   "fieldtype": "Time",
   "in_list_view": 1,
   "in_preview": 1,
   "label": "Time "
  },
  {
   "fieldname": "vdc",
   "fieldtype": "Int",
   "in_list_view": 1,
   "in_preview": 1,
   "label": "Vdc"
  },
  {
   "fieldname": "idc",
   "fieldtype": "Int",
   "label": "Idc"
  },
  {
   "fieldname": "wdc",
   "fieldtype": "Int",
   "in_list_view": 1,
   "in_preview": 1,
   "label": "Wdc"
  },
  {
   "fieldname": "wac",
   "fieldtype": "Int",
   "in_list_view": 1,
   "in_preview": 1,
   "label": "Wac"
  },
  {
   "fieldname": "irradiance",
   "fieldtype": "Int",
   "in_list_view": 1,
   "in_preview": 1,
   "label": "Irradiance"
  }
 ],
 "index_web_pages_for_search": 1,
 "istable": 1,
 "links": [],
 "modified": "2023-02-13 12:16:08.232342",
 "modified_by": "Administrator",
 "module": "a3sola Solar Management",
 "name": "Inverter Measurements",
 "owner": "Administrator",
 "permissions": [],
 "sort_field": "modified",
 "sort_order": "DESC"
}