{
 "actions": [],
 "allow_rename": 1,
 "creation": "2023-05-02 12:48:53.991514",
 "doctype": "DocType",
 "editable_grid": 1,
 "engine": "InnoDB",
 "field_order": [
  "item",
  "specification",
  "make",
  "qty",
  "warranty_period"
 ],
 "fields": [
  {
   "fieldname": "item",
   "fieldtype": "Data",
   "in_list_view": 1,
   "in_preview": 1,
   "label": "Item"
  },
  {
   "fieldname": "specification",
   "fieldtype": "HTML Editor",
   "in_list_view": 1,
   "in_preview": 1,
   "label": "Specification"
  },
  {
   "fieldname": "qty",
   "fieldtype": "Data",
   "in_list_view": 1,
   "in_preview": 1,
   "label": "Qty"
  },
  {
   "fieldname": "warranty_period",
   "fieldtype": "Data",
   "label": "Warranty Period"
  },
  {
   "fieldname": "make",
   "fieldtype": "Link",
   "in_list_view": 1,
   "in_preview": 1,
   "label": "Make",
   "options": "Brand"
  }
 ],
 "index_web_pages_for_search": 1,
 "istable": 1,
 "links": [],
 "modified": "2023-08-21 14:56:59.148071",
 "modified_by": "Administrator",
 "module": "a3sola Solar Management",
 "name": "System Specification",
 "owner": "Administrator",
 "permissions": [],
 "sort_field": "modified",
 "sort_order": "DESC"
}