{
 "actions": [],
 "allow_rename": 1,
 "creation": "2022-02-01 19:16:03.317884",
 "doctype": "DocType",
 "editable_grid": 1,
 "engine": "InnoDB",
 "field_order": [
  "item_code",
  "item_name",
  "description",
  "quantity",
  "rate",
  "uom",
  "brand",
  "capacity"
 ],
 "fields": [
  {
   "fieldname": "item_code",
   "fieldtype": "Link",
   "in_list_view": 1,
   "in_preview": 1,
   "label": "Item Code",
   "options": "Item"
  },
  {
   "fieldname": "item_name",
   "fieldtype": "Data",
   "in_preview": 1,
   "label": "Item Name",
   "translatable": 1
  },
  {
   "fieldname": "description",
   "fieldtype": "Text Editor",
   "in_list_view": 1,
   "in_preview": 1,
   "label": "Description",
   "translatable": 1
  },
  {
   "fieldname": "quantity",
   "fieldtype": "Float",
   "in_preview": 1,
   "label": "Quantity"
  },
  {
   "fieldname": "rate",
   "fieldtype": "Currency",
   "in_preview": 1,
   "label": "Rate"
  },
  {
   "fieldname": "uom",
   "fieldtype": "Data",
   "in_preview": 1,
   "label": "UOM"
  },
  {
   "fieldname": "brand",
   "fieldtype": "Data",
   "label": "Brand",
   "read_only": 1,
   "translatable": 1
  },
  {
   "fieldname": "capacity",
   "fieldtype": "Float",
   "label": "Capacity",
   "read_only": 1
  }
 ],
 "index_web_pages_for_search": 1,
 "istable": 1,
 "links": [],
 "modified": "2022-06-21 17:58:42.928417",
 "modified_by": "Administrator",
 "module": "a3sola Solar Management",
 "name": "BOM Product List",
 "owner": "Administrator",
 "permissions": [],
 "sort_field": "modified",
 "sort_order": "DESC"
}
