{
 "actions": [],
 "allow_rename": 1,
 "creation": "2022-05-13 10:39:25.384400",
 "doctype": "DocType",
 "editable_grid": 1,
 "engine": "InnoDB",
 "field_order": [
  "inverter",
  "inverter_capacity",
  "serial_no"
 ],
 "fields": [
  {
   "fieldname": "inverter",
   "fieldtype": "Data",
   "label": "Inverter"
  },
  {
   "fieldname": "inverter_capacity",
   "fieldtype": "Data",
   "label": "Inverter Capacity"
  },
  {
   "fieldname": "serial_no",
   "fieldtype": "Data",
   "in_list_view": 1,
   "in_preview": 1,
   "label": "Serial No"
  }
 ],
 "index_web_pages_for_search": 1,
 "istable": 1,
 "links": [],
 "modified": "2022-06-17 12:27:58.407062",
 "modified_by": "Administrator",
 "module": "a3sola Solar Management",
 "name": "CR Inverter Serial No",
 "owner": "Administrator",
 "permissions": [],
 "sort_field": "modified",
 "sort_order": "DESC"
}
