{
 "actions": [],
 "allow_rename": 1,
 "creation": "2022-09-27 16:12:03.848838",
 "doctype": "DocType",
 "editable_grid": 1,
 "engine": "InnoDB",
 "field_order": [
  "contact_number",
  "email_id"
 ],
 "fields": [
  {
   "fieldname": "contact_number",
   "fieldtype": "Data",
   "in_list_view": 1,
   "in_preview": 1,
   "label": "Contact Number"
  },
  {
   "depends_on": "Contact",
   "fetch_from": "contact.email_id",
   "fieldname": "email_id",
   "fieldtype": "Data",
   "in_list_view": 1,
   "in_preview": 1,
   "label": "Email ID"
  }
 ],
 "index_web_pages_for_search": 1,
 "istable": 1,
 "links": [],
 "modified": "2022-10-07 16:20:15.132039",
 "modified_by": "Administrator",
 "module": "a3sola Solar Management",
 "name": "Lead Contact",
 "owner": "Administrator",
 "permissions": [],
 "sort_field": "modified",
 "sort_order": "DESC"
}