{
 "actions": [],
 "allow_rename": 1,
 "creation": "2022-10-07 14:28:09.090488",
 "doctype": "DocType",
 "editable_grid": 1,
 "engine": "InnoDB",
 "field_order": [
  "document_name",
  "attach"
 ],
 "fields": [
  {
   "fieldname": "document_name",
   "fieldtype": "Data",
   "in_list_view": 1,
   "in_preview": 1,
   "label": "Document Name"
  },
  {
   "fieldname": "attach",
   "fieldtype": "Attach",
   "in_list_view": 1,
   "in_preview": 1,
   "label": "Attach"
  }
 ],
 "index_web_pages_for_search": 1,
 "istable": 1,
 "links": [],
 "modified": "2022-10-07 14:28:09.090488",
 "modified_by": "Administrator",
 "module": "a3sola Solar Management",
 "name": "Documents",
 "owner": "Administrator",
 "permissions": [],
 "sort_field": "modified",
 "sort_order": "DESC"
}