{
 "actions": [],
 "allow_rename": 1,
 "creation": "2022-09-28 17:56:35.282492",
 "doctype": "DocType",
 "editable_grid": 1,
 "engine": "InnoDB",
 "field_order": [
  "user_name"
 ],
 "fields": [
  {
   "fieldname": "user_name",
   "fieldtype": "Link",
   "in_list_view": 1,
   "in_preview": 1,
   "label": "User Name",
   "options": "User"
  }
 ],
 "index_web_pages_for_search": 1,
 "istable": 1,
 "links": [],
 "modified": "2022-09-30 17:56:57.438629",
 "modified_by": "Administrator",
 "module": "a3sola Solar Management",
 "name": "Lead Users",
 "owner": "Administrator",
 "permissions": [],
 "sort_field": "modified",
 "sort_order": "DESC"
}