{
 "actions": [],
 "allow_rename": 1,
 "creation": "2023-03-24 11:04:41.281963",
 "doctype": "DocType",
 "editable_grid": 1,
 "engine": "InnoDB",
 "field_order": [
  "issue",
  "reply",
  "status"
 ],
 "fields": [
  {
   "fieldname": "issue",
   "fieldtype": "Small Text",
   "in_list_view": 1,
   "in_preview": 1,
   "label": "Issue"
  },
  {
   "fieldname": "status",
   "fieldtype": "Select",
   "in_list_view": 1,
   "in_preview": 1,
   "label": "Status",
   "options": "Pending\nWorking\nSolved"
  },
  {
   "fieldname": "reply",
   "fieldtype": "Small Text",
   "in_list_view": 1,
   "in_preview": 1,
   "label": "Reply"
  }
 ],
 "index_web_pages_for_search": 1,
 "istable": 1,
 "links": [],
 "modified": "2023-03-24 11:20:32.927572",
 "modified_by": "Administrator",
 "module": "a3sola Solar Management",
 "name": "Issued Tickets",
 "owner": "Administrator",
 "permissions": [],
 "sort_field": "modified",
 "sort_order": "DESC"
}