{
 "actions": [],
 "allow_rename": 1,
 "creation": "2022-07-21 18:47:01.621486",
 "doctype": "DocType",
 "editable_grid": 1,
 "engine": "InnoDB",
 "field_order": [
  "email_id",
  "is_primary",
  "column_break_3",
  "contact_number"
 ],
 "fields": [
  {
   "fieldname": "email_id",
   "fieldtype": "Data",
   "in_list_view": 1,
   "in_preview": 1,
   "label": "Email ID",
   "options": "Email"
  },
  {
   "fieldname": "column_break_3",
   "fieldtype": "Column Break"
  },
  {
   "fieldname": "contact_number",
   "fieldtype": "Data",
   "in_list_view": 1,
   "in_preview": 1,
   "label": "Contact Number"
  },
  {
   "default": "0",
   "fieldname": "is_primary",
   "fieldtype": "Check",
   "label": "Is Primary?"
  }
 ],
 "index_web_pages_for_search": 1,
 "istable": 1,
 "links": [],
 "modified": "2022-07-25 18:18:58.323578",
 "modified_by": "Administrator",
 "module": "a3sola Solar Management",
 "name": "Lead Contact Table",
 "owner": "Administrator",
 "permissions": [],
 "sort_field": "modified",
 "sort_order": "DESC"
}
