{
 "custom_fields": [
  {
   "_assign": null,
   "_comments": null,
   "_liked_by": null,
   "_user_tags": null,
   "allow_in_quick_entry": 0,
   "allow_on_submit": 1,
   "bold": 0,
   "collapsible": 0,
   "collapsible_depends_on": null,
   "columns": 0,
   "creation": "2022-10-28 12:35:40.816617",
   "default": null,
   "depends_on": null,
   "description": null,
   "docstatus": 0,
   "dt": "CR Solar Serial No",
   "fetch_from": null,
   "fetch_if_empty": 0,
   "fieldname": "no_of_modules",
   "fieldtype": "Int",
   "hidden": 0,
   "hide_border": 0,
   "hide_days": 0,
   "hide_seconds": 0,
   "idx": 5,
   "ignore_user_permissions": 0,
   "ignore_xss_filter": 0,
   "in_global_search": 0,
   "in_list_view": 1,
   "in_preview": 1,
   "in_standard_filter": 0,
   "insert_after": "spv_serial_no",
   "label": "No of Modules",
   "length": 0,
   "mandatory_depends_on": null,
   "modified": "2022-10-28 12:35:40.816617",
   "modified_by": "Administrator",
   "name": "CR Solar Serial No-no_of_modules",
   "no_copy": 0,
   "non_negative": 0,
   "options": null,
   "owner": "Administrator",
   "parent": null,
   "parentfield": null,
   "parenttype": null,
   "permlevel": 0,
   "precision": "",
   "print_hide": 0,
   "print_hide_if_no_value": 0,
   "print_width": null,
   "read_only": 0,
   "read_only_depends_on": null,
   "report_hide": 0,
   "reqd": 0,
   "search_index": 0,
   "translatable": 0,
   "unique": 0,
   "width": null
  }
 ],
 "custom_perms": [],
 "doctype": "CR Solar Serial No",
 "property_setters": [
  {
   "_assign": null,
   "_comments": null,
   "_liked_by": null,
   "_user_tags": null,
   "creation": "2023-03-07 17:41:29.041629",
   "default_value": null,
   "doc_type": "CR Solar Serial No",
   "docstatus": 0,
   "doctype_or_field": "DocField",
   "field_name": "spv_module_type",
   "idx": 0,
   "modified": "2023-03-07 17:41:29.041629",
   "modified_by": "Administrator",
   "name": "CR Solar Serial No-spv_module_type-in_preview",
   "owner": "Administrator",
   "parent": null,
   "parentfield": null,
   "parenttype": null,
   "property": "in_preview",
   "property_type": "Check",
   "row_name": null,
   "value": "1"
  },
  {
   "_assign": null,
   "_comments": null,
   "_liked_by": null,
   "_user_tags": null,
   "creation": "2023-03-07 17:41:28.993829",
   "default_value": null,
   "doc_type": "CR Solar Serial No",
   "docstatus": 0,
   "doctype_or_field": "DocField",
   "field_name": "spv_module_type",
   "idx": 0,
   "modified": "2023-03-07 17:41:28.993829",
   "modified_by": "Administrator",
   "name": "CR Solar Serial No-spv_module_type-in_list_view",
   "owner": "Administrator",
   "parent": null,
   "parentfield": null,
   "parenttype": null,
   "property": "in_list_view",
   "property_type": "Check",
   "row_name": null,
   "value": "1"
  },
  {
   "_assign": null,
   "_comments": null,
   "_liked_by": null,
   "_user_tags": null,
   "creation": "2023-03-07 17:41:28.944972",
   "default_value": null,
   "doc_type": "CR Solar Serial No",
   "docstatus": 0,
   "doctype_or_field": "DocField",
   "field_name": "each_module_watts",
   "idx": 0,
   "modified": "2023-03-07 17:41:28.944972",
   "modified_by": "Administrator",
   "name": "CR Solar Serial No-each_module_watts-in_preview",
   "owner": "Administrator",
   "parent": null,
   "parentfield": null,
   "parenttype": null,
   "property": "in_preview",
   "property_type": "Check",
   "row_name": null,
   "value": "1"
  },
  {
   "_assign": null,
   "_comments": null,
   "_liked_by": null,
   "_user_tags": null,
   "creation": "2023-03-07 17:41:28.893225",
   "default_value": null,
   "doc_type": "CR Solar Serial No",
   "docstatus": 0,
   "doctype_or_field": "DocField",
   "field_name": "each_module_watts",
   "idx": 0,
   "modified": "2023-03-07 17:41:28.893225",
   "modified_by": "Administrator",
   "name": "CR Solar Serial No-each_module_watts-in_list_view",
   "owner": "Administrator",
   "parent": null,
   "parentfield": null,
   "parenttype": null,
   "property": "in_list_view",
   "property_type": "Check",
   "row_name": null,
   "value": "1"
  },
  {
   "_assign": null,
   "_comments": null,
   "_liked_by": null,
   "_user_tags": null,
   "creation": "2023-03-07 17:41:28.840118",
   "default_value": null,
   "doc_type": "CR Solar Serial No",
   "docstatus": 0,
   "doctype_or_field": "DocField",
   "field_name": "spv_module_make",
   "idx": 0,
   "modified": "2023-03-07 17:41:28.840118",
   "modified_by": "Administrator",
   "name": "CR Solar Serial No-spv_module_make-in_preview",
   "owner": "Administrator",
   "parent": null,
   "parentfield": null,
   "parenttype": null,
   "property": "in_preview",
   "property_type": "Check",
   "row_name": null,
   "value": "1"
  },
  {
   "_assign": null,
   "_comments": null,
   "_liked_by": null,
   "_user_tags": null,
   "creation": "2023-03-07 17:41:28.741633",
   "default_value": null,
   "doc_type": "CR Solar Serial No",
   "docstatus": 0,
   "doctype_or_field": "DocField",
   "field_name": "spv_module_make",
   "idx": 0,
   "modified": "2023-03-07 17:41:28.741633",
   "modified_by": "Administrator",
   "name": "CR Solar Serial No-spv_module_make-in_list_view",
   "owner": "Administrator",
   "parent": null,
   "parentfield": null,
   "parenttype": null,
   "property": "in_list_view",
   "property_type": "Check",
   "row_name": null,
   "value": "1"
  }
 ],
 "sync_on_migrate": 1
}