{
 "custom_fields": [
  {
   "_assign": null,
   "_comments": null,
   "_liked_by": null,
   "_user_tags": null,
   "allow_in_quick_entry": 0,
   "allow_on_submit": 0,
   "bold": 0,
   "collapsible": 0,
   "collapsible_depends_on": null,
   "columns": 0,
   "creation": "2023-11-06 12:04:56.197287",
   "default": "",
   "depends_on": null,
   "description": null,
   "docstatus": 0,
   "dt": "EMI Details",
   "fetch_from": null,
   "fetch_if_empty": 0,
   "fieldname": "lead",
   "fieldtype": "Link",
   "hidden": 0,
   "hide_border": 0,
   "hide_days": 0,
   "hide_seconds": 0,
   "idx": 2,
   "ignore_user_permissions": 0,
   "ignore_xss_filter": 0,
   "in_global_search": 0,
   "in_list_view": 0,
   "in_preview": 0,
   "in_standard_filter": 0,
   "insert_after": "quotation",
   "label": "Lead",
   "length": 0,
   "mandatory_depends_on": null,
   "modified": "2023-11-06 12:04:56.197287",
   "modified_by": "Administrator",
   "name": "EMI Details-lead",
   "no_copy": 0,
   "non_negative": 0,
   "options": "Lead",
   "owner": "Administrator",
   "parent": null,
   "parentfield": null,
   "parenttype": null,
   "permlevel": 0,
   "precision": "",
   "print_hide": 0,
   "print_hide_if_no_value": 0,
   "print_width": null,
   "read_only": 0,
   "read_only_depends_on": null,
   "report_hide": 0,
   "reqd": 0,
   "search_index": 0,
   "translatable": 0,
   "unique": 0,
   "width": null
  },
  {
   "_assign": null,
   "_comments": null,
   "_liked_by": null,
   "_user_tags": null,
   "allow_in_quick_entry": 0,
   "allow_on_submit": 0,
   "bold": 0,
   "collapsible": 0,
   "collapsible_depends_on": null,
   "columns": 0,
   "creation": "2023-11-06 12:04:56.394692",
   "default": null,
   "depends_on": null,
   "description": null,
   "docstatus": 0,
   "dt": "EMI Details",
   "fetch_from": null,
   "fetch_if_empty": 0,
   "fieldname": "opportunity",
   "fieldtype": "Link",
   "hidden": 0,
   "hide_border": 0,
   "hide_days": 0,
   "hide_seconds": 0,
   "idx": 6,
   "ignore_user_permissions": 0,
   "ignore_xss_filter": 0,
   "in_global_search": 0,
   "in_list_view": 0,
   "in_preview": 0,
   "in_standard_filter": 0,
   "insert_after": "item",
   "label": "Opportunity",
   "length": 0,
   "mandatory_depends_on": null,
   "modified": "2023-11-06 12:04:56.394692",
   "modified_by": "Administrator",
   "name": "EMI Details-opportunity",
   "no_copy": 0,
   "non_negative": 0,
   "options": "Opportunity",
   "owner": "Administrator",
   "parent": null,
   "parentfield": null,
   "parenttype": null,
   "permlevel": 0,
   "precision": "",
   "print_hide": 0,
   "print_hide_if_no_value": 0,
   "print_width": null,
   "read_only": 0,
   "read_only_depends_on": null,
   "report_hide": 0,
   "reqd": 0,
   "search_index": 0,
   "translatable": 0,
   "unique": 0,
   "width": null
  },
  {
   "_assign": null,
   "_comments": null,
   "_liked_by": null,
   "_user_tags": null,
   "allow_in_quick_entry": 0,
   "allow_on_submit": 0,
   "bold": 0,
   "collapsible": 0,
   "collapsible_depends_on": null,
   "columns": 0,
   "creation": "2023-11-06 13:23:23.135197",
   "default": null,
   "depends_on": "eval:doc.project_type==\"Private\"",
   "description": null,
   "docstatus": 0,
   "dt": "EMI Details",
   "fetch_from": null,
   "fetch_if_empty": 0,
   "fieldname": "down_payment_and_repayment",
   "fieldtype": "Section Break",
   "hidden": 0,
   "hide_border": 0,
   "hide_days": 0,
   "hide_seconds": 0,
   "idx": 27,
   "ignore_user_permissions": 0,
   "ignore_xss_filter": 0,
   "in_global_search": 0,
   "in_list_view": 0,
   "in_preview": 0,
   "in_standard_filter": 0,
   "insert_after": "difference_between_monthly_income_and_emi",
   "label": "Down Payment and Repayment",
   "length": 0,
   "mandatory_depends_on": null,
   "modified": "2023-11-06 13:23:23.135197",
   "modified_by": "Administrator",
   "name": "EMI Details-down_payment_and_repayment",
   "no_copy": 0,
   "non_negative": 0,
   "options": null,
   "owner": "Administrator",
   "parent": null,
   "parentfield": null,
   "parenttype": null,
   "permlevel": 0,
   "precision": "",
   "print_hide": 0,
   "print_hide_if_no_value": 0,
   "print_width": null,
   "read_only": 0,
   "read_only_depends_on": null,
   "report_hide": 0,
   "reqd": 0,
   "search_index": 0,
   "translatable": 0,
   "unique": 0,
   "width": null
  },
  {
   "_assign": null,
   "_comments": null,
   "_liked_by": null,
   "_user_tags": null,
   "allow_in_quick_entry": 0,
   "allow_on_submit": 0,
   "bold": 0,
   "collapsible": 0,
   "collapsible_depends_on": null,
   "columns": 0,
   "creation": "2023-11-06 13:23:23.283149",
   "default": null,
   "depends_on": null,
   "description": null,
   "docstatus": 0,
   "dt": "EMI Details",
   "fetch_from": null,
   "fetch_if_empty": 0,
   "fieldname": "gst_input_for_customer_if_applicable",
   "fieldtype": "Data",
   "hidden": 0,
   "hide_border": 0,
   "hide_days": 0,
   "hide_seconds": 0,
   "idx": 28,
   "ignore_user_permissions": 0,
   "ignore_xss_filter": 0,
   "in_global_search": 0,
   "in_list_view": 0,
   "in_preview": 0,
   "in_standard_filter": 0,
   "insert_after": "down_payment_and_repayment",
   "label": "GST Input for Customer if Applicable",
   "length": 0,
   "mandatory_depends_on": null,
   "modified": "2023-11-06 13:23:23.283149",
   "modified_by": "Administrator",
   "name": "EMI Details-gst_input_for_customer_if_applicable",
   "no_copy": 0,
   "non_negative": 0,
   "options": null,
   "owner": "Administrator",
   "parent": null,
   "parentfield": null,
   "parenttype": null,
   "permlevel": 0,
   "precision": "",
   "print_hide": 0,
   "print_hide_if_no_value": 0,
   "print_width": null,
   "read_only": 0,
   "read_only_depends_on": null,
   "report_hide": 0,
   "reqd": 0,
   "search_index": 0,
   "translatable": 1,
   "unique": 0,
   "width": null
  },
  {
   "_assign": null,
   "_comments": null,
   "_liked_by": null,
   "_user_tags": null,
   "allow_in_quick_entry": 0,
   "allow_on_submit": 0,
   "bold": 0,
   "collapsible": 0,
   "collapsible_depends_on": null,
   "columns": 0,
   "creation": "2023-11-06 13:23:23.412509",
   "default": null,
   "depends_on": null,
   "description": null,
   "docstatus": 0,
   "dt": "EMI Details",
   "fetch_from": null,
   "fetch_if_empty": 0,
   "fieldname": "income_on_months_with_no_emi_and_electricity_bill",
   "fieldtype": "Data",
   "hidden": 0,
   "hide_border": 0,
   "hide_days": 0,
   "hide_seconds": 0,
   "idx": 29,
   "ignore_user_permissions": 0,
   "ignore_xss_filter": 0,
   "in_global_search": 0,
   "in_list_view": 0,
   "in_preview": 0,
   "in_standard_filter": 0,
   "insert_after": "gst_input_for_customer_if_applicable",
   "label": "Income on Months with No EMI and Electricity Bill",
   "length": 0,
   "mandatory_depends_on": null,
   "modified": "2023-11-06 13:23:23.412509",
   "modified_by": "Administrator",
   "name": "EMI Details-income_on_months_with_no_emi_and_electricity_bill",
   "no_copy": 0,
   "non_negative": 0,
   "options": null,
   "owner": "Administrator",
   "parent": null,
   "parentfield": null,
   "parenttype": null,
   "permlevel": 0,
   "precision": "",
   "print_hide": 0,
   "print_hide_if_no_value": 0,
   "print_width": null,
   "read_only": 0,
   "read_only_depends_on": null,
   "report_hide": 0,
   "reqd": 0,
   "search_index": 0,
   "translatable": 1,
   "unique": 0,
   "width": null
  },
  {
   "_assign": null,
   "_comments": null,
   "_liked_by": null,
   "_user_tags": null,
   "allow_in_quick_entry": 0,
   "allow_on_submit": 0,
   "bold": 0,
   "collapsible": 0,
   "collapsible_depends_on": null,
   "columns": 0,
   "creation": "2023-11-06 13:23:23.514496",
   "default": null,
   "depends_on": null,
   "description": null,
   "docstatus": 0,
   "dt": "EMI Details",
   "fetch_from": null,
   "fetch_if_empty": 0,
   "fieldname": "initial_income",
   "fieldtype": "Data",
   "hidden": 0,
   "hide_border": 0,
   "hide_days": 0,
   "hide_seconds": 0,
   "idx": 30,
   "ignore_user_permissions": 0,
   "ignore_xss_filter": 0,
   "in_global_search": 0,
   "in_list_view": 0,
   "in_preview": 0,
   "in_standard_filter": 0,
   "insert_after": "income_on_months_with_no_emi_and_electricity_bill",
   "label": "Initial Income",
   "length": 0,
   "mandatory_depends_on": null,
   "modified": "2023-11-06 13:23:23.514496",
   "modified_by": "Administrator",
   "name": "EMI Details-initial_income",
   "no_copy": 0,
   "non_negative": 0,
   "options": null,
   "owner": "Administrator",
   "parent": null,
   "parentfield": null,
   "parenttype": null,
   "permlevel": 0,
   "precision": "",
   "print_hide": 0,
   "print_hide_if_no_value": 0,
   "print_width": null,
   "read_only": 0,
   "read_only_depends_on": null,
   "report_hide": 0,
   "reqd": 0,
   "search_index": 0,
   "translatable": 1,
   "unique": 0,
   "width": null
  },
  {
   "_assign": null,
   "_comments": null,
   "_liked_by": null,
   "_user_tags": null,
   "allow_in_quick_entry": 0,
   "allow_on_submit": 0,
   "bold": 0,
   "collapsible": 0,
   "collapsible_depends_on": null,
   "columns": 0,
   "creation": "2023-11-06 13:23:23.616133",
   "default": null,
   "depends_on": null,
   "description": null,
   "docstatus": 0,
   "dt": "EMI Details",
   "fetch_from": null,
   "fetch_if_empty": 0,
   "fieldname": "column_break_brzlh",
   "fieldtype": "Column Break",
   "hidden": 0,
   "hide_border": 0,
   "hide_days": 0,
   "hide_seconds": 0,
   "idx": 31,
   "ignore_user_permissions": 0,
   "ignore_xss_filter": 0,
   "in_global_search": 0,
   "in_list_view": 0,
   "in_preview": 0,
   "in_standard_filter": 0,
   "insert_after": "initial_income",
   "label": null,
   "length": 0,
   "mandatory_depends_on": null,
   "modified": "2023-11-06 13:23:23.616133",
   "modified_by": "Administrator",
   "name": "EMI Details-column_break_brzlh",
   "no_copy": 0,
   "non_negative": 0,
   "options": null,
   "owner": "Administrator",
   "parent": null,
   "parentfield": null,
   "parenttype": null,
   "permlevel": 0,
   "precision": "",
   "print_hide": 0,
   "print_hide_if_no_value": 0,
   "print_width": null,
   "read_only": 0,
   "read_only_depends_on": null,
   "report_hide": 0,
   "reqd": 0,
   "search_index": 0,
   "translatable": 0,
   "unique": 0,
   "width": null
  },
  {
   "_assign": null,
   "_comments": null,
   "_liked_by": null,
   "_user_tags": null,
   "allow_in_quick_entry": 0,
   "allow_on_submit": 0,
   "bold": 0,
   "collapsible": 0,
   "collapsible_depends_on": null,
   "columns": 0,
   "creation": "2023-11-06 13:23:23.713752",
   "default": null,
   "depends_on": null,
   "description": null,
   "docstatus": 0,
   "dt": "EMI Details",
   "fetch_from": null,
   "fetch_if_empty": 0,
   "fieldname": "no_of_months_with_no_emi_and_electricity_bill",
   "fieldtype": "Data",
   "hidden": 0,
   "hide_border": 0,
   "hide_days": 0,
   "hide_seconds": 0,
   "idx": 32,
   "ignore_user_permissions": 0,
   "ignore_xss_filter": 0,
   "in_global_search": 0,
   "in_list_view": 0,
   "in_preview": 0,
   "in_standard_filter": 0,
   "insert_after": "column_break_brzlh",
   "label": "No of Months with No EMI and Electricity Bill",
   "length": 0,
   "mandatory_depends_on": null,
   "modified": "2023-11-06 13:23:23.713752",
   "modified_by": "Administrator",
   "name": "EMI Details-no_of_months_with_no_emi_and_electricity_bill",
   "no_copy": 0,
   "non_negative": 0,
   "options": null,
   "owner": "Administrator",
   "parent": null,
   "parentfield": null,
   "parenttype": null,
   "permlevel": 0,
   "precision": "",
   "print_hide": 0,
   "print_hide_if_no_value": 0,
   "print_width": null,
   "read_only": 0,
   "read_only_depends_on": null,
   "report_hide": 0,
   "reqd": 0,
   "search_index": 0,
   "translatable": 1,
   "unique": 0,
   "width": null
  },
  {
   "_assign": null,
   "_comments": null,
   "_liked_by": null,
   "_user_tags": null,
   "allow_in_quick_entry": 0,
   "allow_on_submit": 0,
   "bold": 0,
   "collapsible": 0,
   "collapsible_depends_on": null,
   "columns": 0,
   "creation": "2023-11-06 13:23:23.850698",
   "default": null,
   "depends_on": null,
   "description": null,
   "docstatus": 0,
   "dt": "EMI Details",
   "fetch_from": null,
   "fetch_if_empty": 0,
   "fieldname": "total_income_from_gst_input_and_moratorium_period",
   "fieldtype": "Data",
   "hidden": 0,
   "hide_border": 0,
   "hide_days": 0,
   "hide_seconds": 0,
   "idx": 33,
   "ignore_user_permissions": 0,
   "ignore_xss_filter": 0,
   "in_global_search": 0,
   "in_list_view": 0,
   "in_preview": 0,
   "in_standard_filter": 0,
   "insert_after": "no_of_months_with_no_emi_and_electricity_bill",
   "label": "Total Income from GST Input And Moratorium Period",
   "length": 0,
   "mandatory_depends_on": null,
   "modified": "2023-11-06 13:23:23.850698",
   "modified_by": "Administrator",
   "name": "EMI Details-total_income_from_gst_input_and_moratorium_period",
   "no_copy": 0,
   "non_negative": 0,
   "options": null,
   "owner": "Administrator",
   "parent": null,
   "parentfield": null,
   "parenttype": null,
   "permlevel": 0,
   "precision": "",
   "print_hide": 0,
   "print_hide_if_no_value": 0,
   "print_width": null,
   "read_only": 0,
   "read_only_depends_on": null,
   "report_hide": 0,
   "reqd": 0,
   "search_index": 0,
   "translatable": 1,
   "unique": 0,
   "width": null
  },
  {
   "_assign": null,
   "_comments": null,
   "_liked_by": null,
   "_user_tags": null,
   "allow_in_quick_entry": 0,
   "allow_on_submit": 0,
   "bold": 0,
   "collapsible": 0,
   "collapsible_depends_on": null,
   "columns": 0,
   "creation": "2024-02-06 14:51:44.933129",
   "default": null,
   "depends_on": null,
   "description": null,
   "docstatus": 0,
   "dt": "EMI Details",
   "fetch_from": null,
   "fetch_if_empty": 0,
   "fieldname": "project_type",
   "fieldtype": "Select",
   "hidden": 0,
   "hide_border": 0,
   "hide_days": 0,
   "hide_seconds": 0,
   "idx": 3,
   "ignore_user_permissions": 0,
   "ignore_xss_filter": 0,
   "in_global_search": 0,
   "in_list_view": 0,
   "in_preview": 0,
   "in_standard_filter": 0,
   "insert_after": "lead",
   "label": "Project Type",
   "length": 0,
   "mandatory_depends_on": null,
   "modified": "2024-02-06 14:51:44.933129",
   "modified_by": "Administrator",
   "name": "EMI Details-project_type",
   "no_copy": 0,
   "non_negative": 0,
   "options": "Private\nScheme Based",
   "owner": "Administrator",
   "parent": null,
   "parentfield": null,
   "parenttype": null,
   "permlevel": 0,
   "precision": "",
   "print_hide": 0,
   "print_hide_if_no_value": 0,
   "print_width": null,
   "read_only": 0,
   "read_only_depends_on": null,
   "report_hide": 0,
   "reqd": 0,
   "search_index": 0,
   "translatable": 1,
   "unique": 0,
   "width": null
  },
  {
   "_assign": null,
   "_comments": null,
   "_liked_by": null,
   "_user_tags": null,
   "allow_in_quick_entry": 0,
   "allow_on_submit": 0,
   "bold": 0,
   "collapsible": 0,
   "collapsible_depends_on": null,
   "columns": 0,
   "creation": "2024-02-06 14:54:11.103286",
   "default": null,
   "depends_on": null,
   "description": null,
   "docstatus": 0,
   "dt": "EMI Details",
   "fetch_from": null,
   "fetch_if_empty": 0,
   "fieldname": "customer_emi_details",
   "fieldtype": "Section Break",
   "hidden": 0,
   "hide_border": 0,
   "hide_days": 0,
   "hide_seconds": 0,
   "idx": 34,
   "ignore_user_permissions": 0,
   "ignore_xss_filter": 0,
   "in_global_search": 0,
   "in_list_view": 0,
   "in_preview": 0,
   "in_standard_filter": 0,
   "insert_after": "total_income_from_gst_input_and_moratorium_period",
   "label": "Customer EMI Details",
   "length": 0,
   "mandatory_depends_on": null,
   "modified": "2024-02-06 14:54:11.103286",
   "modified_by": "Administrator",
   "name": "EMI Details-customer_emi_details",
   "no_copy": 0,
   "non_negative": 0,
   "options": null,
   "owner": "Administrator",
   "parent": null,
   "parentfield": null,
   "parenttype": null,
   "permlevel": 0,
   "precision": "",
   "print_hide": 0,
   "print_hide_if_no_value": 0,
   "print_width": null,
   "read_only": 0,
   "read_only_depends_on": null,
   "report_hide": 0,
   "reqd": 0,
   "search_index": 0,
   "translatable": 0,
   "unique": 0,
   "width": null
  },
  {
   "_assign": null,
   "_comments": null,
   "_liked_by": null,
   "_user_tags": null,
   "allow_in_quick_entry": 0,
   "allow_on_submit": 0,
   "bold": 0,
   "collapsible": 0,
   "collapsible_depends_on": null,
   "columns": 0,
   "creation": "2024-02-06 14:54:11.238054",
   "default": null,
   "depends_on": "eval:doc.project_type==\"Scheme Based\"",
   "description": null,
   "docstatus": 0,
   "dt": "EMI Details",
   "fetch_from": null,
   "fetch_if_empty": 0,
   "fieldname": "emi_details",
   "fieldtype": "Table",
   "hidden": 0,
   "hide_border": 0,
   "hide_days": 0,
   "hide_seconds": 0,
   "idx": 35,
   "ignore_user_permissions": 0,
   "ignore_xss_filter": 0,
   "in_global_search": 0,
   "in_list_view": 0,
   "in_preview": 0,
   "in_standard_filter": 0,
   "insert_after": "customer_emi_details",
   "label": "EMI Details",
   "length": 0,
   "mandatory_depends_on": null,
   "modified": "2024-02-06 14:54:11.238054",
   "modified_by": "Administrator",
   "name": "EMI Details-emi_details",
   "no_copy": 0,
   "non_negative": 0,
   "options": "Customer EMI Details",
   "owner": "Administrator",
   "parent": null,
   "parentfield": null,
   "parenttype": null,
   "permlevel": 0,
   "precision": "",
   "print_hide": 0,
   "print_hide_if_no_value": 0,
   "print_width": null,
   "read_only": 0,
   "read_only_depends_on": null,
   "report_hide": 0,
   "reqd": 0,
   "search_index": 0,
   "translatable": 0,
   "unique": 0,
   "width": null
  }
 ],
 "custom_perms": [],
 "doctype": "EMI Details",
 "property_setters": [
  {
   "_assign": null,
   "_comments": null,
   "_liked_by": null,
   "_user_tags": null,
   "creation": "2024-02-06 14:52:30.479041",
   "default_value": null,
   "doc_type": "EMI Details",
   "docstatus": 0,
   "doctype_or_field": "DocField",
   "field_name": "emi_details_section",
   "idx": 0,
   "modified": "2024-02-06 14:52:30.479041",
   "modified_by": "Administrator",
   "name": "EMI Details-emi_details_section-depends_on",
   "owner": "Administrator",
   "parent": null,
   "parentfield": null,
   "parenttype": null,
   "property": "depends_on",
   "property_type": "Data",
   "row_name": null,
   "value": "eval:doc.project_type==\"Private\""
  },
  {
   "_assign": null,
   "_comments": null,
   "_liked_by": null,
   "_user_tags": null,
   "creation": "2024-02-06 14:52:30.379861",
   "default_value": null,
   "doc_type": "EMI Details",
   "docstatus": 0,
   "doctype_or_field": "DocField",
   "field_name": "consumption_details_section",
   "idx": 0,
   "modified": "2024-02-06 14:52:30.379861",
   "modified_by": "Administrator",
   "name": "EMI Details-consumption_details_section-depends_on",
   "owner": "Administrator",
   "parent": null,
   "parentfield": null,
   "parenttype": null,
   "property": "depends_on",
   "property_type": "Data",
   "row_name": null,
   "value": "eval:doc.project_type==\"Private\""
  },
  {
   "_assign": null,
   "_comments": null,
   "_liked_by": null,
   "_user_tags": null,
   "creation": "2023-11-06 12:20:24.146388",
   "default_value": null,
   "doc_type": "EMI Details",
   "docstatus": 0,
   "doctype_or_field": "DocType",
   "field_name": null,
   "idx": 0,
   "modified": "2023-11-06 12:20:24.146388",
   "modified_by": "Administrator",
   "name": "EMI Details-main-autoname",
   "owner": "Administrator",
   "parent": null,
   "parentfield": null,
   "parenttype": null,
   "property": "autoname",
   "property_type": "Data",
   "row_name": null,
   "value": "format:{quotation}-{item}-{######}"
  }
 ],
 "sync_on_migrate": 1
}