{
 "custom_fields": [
  {
   "_assign": null,
   "_comments": null,
   "_liked_by": null,
   "_user_tags": null,
   "allow_in_quick_entry": 0,
   "allow_on_submit": 0,
   "bold": 0,
   "collapsible": 0,
   "collapsible_depends_on": null,
   "columns": 0,
   "creation": "2024-01-22 15:06:47.287890",
   "default": null,
   "depends_on": null,
   "description": null,
   "docstatus": 0,
   "dt": "Energy Analysis",
   "fetch_from": null,
   "fetch_if_empty": 0,
   "fieldname": "energy_analysis_type",
   "fieldtype": "Select",
   "hidden": 0,
   "hide_border": 0,
   "hide_days": 0,
   "hide_seconds": 0,
   "idx": 6,
   "ignore_user_permissions": 0,
   "ignore_xss_filter": 0,
   "in_global_search": 0,
   "in_list_view": 0,
   "in_preview": 0,
   "in_standard_filter": 0,
   "insert_after": "contract_demand",
   "label": "Energy Analysis Type",
   "length": 0,
   "mandatory_depends_on": null,
   "modified": "2024-01-22 15:06:47.287890",
   "modified_by": "Administrator",
   "name": "Energy Analysis-energy_analysis_type",
   "no_copy": 0,
   "non_negative": 0,
   "options": "TOD Bill\nNon-TOD Bill",
   "owner": "Administrator",
   "parent": null,
   "parentfield": null,
   "parenttype": null,
   "permlevel": 0,
   "precision": "",
   "print_hide": 0,
   "print_hide_if_no_value": 0,
   "print_width": null,
   "read_only": 0,
   "read_only_depends_on": null,
   "report_hide": 0,
   "reqd": 0,
   "search_index": 0,
   "translatable": 1,
   "unique": 0,
   "width": null
  },
  {
   "_assign": null,
   "_comments": null,
   "_liked_by": null,
   "_user_tags": null,
   "allow_in_quick_entry": 0,
   "allow_on_submit": 0,
   "bold": 0,
   "collapsible": 0,
   "collapsible_depends_on": null,
   "columns": 0,
   "creation": "2024-01-22 15:16:16.115251",
   "default": null,
   "depends_on": "eval:doc.energy_analysis_type==\"Non-TOD Bill\"",
   "description": null,
   "docstatus": 0,
   "dt": "Energy Analysis",
   "fetch_from": null,
   "fetch_if_empty": 0,
   "fieldname": "energy_anaysis_tod_values",
   "fieldtype": "Table",
   "hidden": 0,
   "hide_border": 0,
   "hide_days": 0,
   "hide_seconds": 0,
   "idx": 16,
   "ignore_user_permissions": 0,
   "ignore_xss_filter": 0,
   "in_global_search": 0,
   "in_list_view": 0,
   "in_preview": 0,
   "in_standard_filter": 0,
   "insert_after": "kseb_bill_study",
   "label": "Energy Anaysis Non-TOD Values",
   "length": 0,
   "mandatory_depends_on": null,
   "modified": "2024-01-22 15:16:16.115251",
   "modified_by": "Administrator",
   "name": "Energy Analysis-energy_anaysis_tod_values",
   "no_copy": 0,
   "non_negative": 0,
   "options": "Energy Anaysis Consumer Number Child Table",
   "owner": "Administrator",
   "parent": null,
   "parentfield": null,
   "parenttype": null,
   "permlevel": 0,
   "precision": "",
   "print_hide": 0,
   "print_hide_if_no_value": 0,
   "print_width": null,
   "read_only": 0,
   "read_only_depends_on": null,
   "report_hide": 0,
   "reqd": 0,
   "search_index": 0,
   "translatable": 0,
   "unique": 0,
   "width": null
  }
 ],
 "custom_perms": [],
 "doctype": "Energy Analysis",
 "property_setters": [
  {
   "_assign": null,
   "_comments": null,
   "_liked_by": null,
   "_user_tags": null,
   "creation": "2024-01-22 15:16:51.183589",
   "default_value": null,
   "doc_type": "Energy Analysis",
   "docstatus": 0,
   "doctype_or_field": "DocField",
   "field_name": "kseb_bill_studys",
   "idx": 0,
   "modified": "2024-01-22 15:16:51.183589",
   "modified_by": "Administrator",
   "name": "Energy Analysis-kseb_bill_studys-depends_on",
   "owner": "Administrator",
   "parent": null,
   "parentfield": null,
   "parenttype": null,
   "property": "depends_on",
   "property_type": "Data",
   "row_name": null,
   "value": "eval:doc.energy_analysis_type==\"Non-TOD Bill\""
  },
  {
   "_assign": null,
   "_comments": null,
   "_liked_by": null,
   "_user_tags": null,
   "creation": "2024-01-22 15:16:16.022297",
   "default_value": null,
   "doc_type": "Energy Analysis",
   "docstatus": 0,
   "doctype_or_field": "DocField",
   "field_name": "kseb_bill_study",
   "idx": 0,
   "modified": "2024-01-22 15:16:16.022297",
   "modified_by": "Administrator",
   "name": "Energy Analysis-kseb_bill_study-label",
   "owner": "Administrator",
   "parent": null,
   "parentfield": null,
   "parenttype": null,
   "property": "label",
   "property_type": "Data",
   "row_name": null,
   "value": "Energy Anaysis TOD Values"
  },
  {
   "_assign": null,
   "_comments": null,
   "_liked_by": null,
   "_user_tags": null,
   "creation": "2024-01-22 15:15:16.427935",
   "default_value": null,
   "doc_type": "Energy Analysis",
   "docstatus": 0,
   "doctype_or_field": "DocField",
   "field_name": "kseb_bill_study",
   "idx": 0,
   "modified": "2024-01-22 15:15:16.427935",
   "modified_by": "Administrator",
   "name": "Energy Analysis-kseb_bill_study-depends_on",
   "owner": "Administrator",
   "parent": null,
   "parentfield": null,
   "parenttype": null,
   "property": "depends_on",
   "property_type": "Data",
   "row_name": null,
   "value": "eval:doc.energy_analysis_type==\"TOD Bill\""
  },
  {
   "_assign": null,
   "_comments": null,
   "_liked_by": null,
   "_user_tags": null,
   "creation": "2024-01-22 14:28:39.617923",
   "default_value": null,
   "doc_type": "Energy Analysis",
   "docstatus": 0,
   "doctype_or_field": "DocField",
   "field_name": "kseb_bill_studys",
   "idx": 0,
   "modified": "2024-01-22 14:28:39.617923",
   "modified_by": "Administrator",
   "name": "Energy Analysis-kseb_bill_studys-hidden",
   "owner": "Administrator",
   "parent": null,
   "parentfield": null,
   "parenttype": null,
   "property": "hidden",
   "property_type": "Check",
   "row_name": null,
   "value": "1"
  }
 ],
 "sync_on_migrate": 1
}