{
 "custom_fields": [],
 "custom_perms": [],
 "doctype": "Feasibilty Form",
 "property_setters": [
  {
   "_assign": null,
   "_comments": null,
   "_liked_by": null,
   "_user_tags": null,
   "creation": "2023-04-04 09:34:44.129119",
   "default_value": null,
   "doc_type": "Feasibilty Form",
   "docstatus": 0,
   "doctype_or_field": "DocField",
   "field_name": "column_break_11",
   "idx": 0,
   "modified": "2023-04-04 09:34:44.129119",
   "modified_by": "Administrator",
   "name": "Feasibilty Study-column_break_11-hidden",
   "owner": "Administrator",
   "parent": null,
   "parentfield": null,
   "parenttype": null,
   "property": "hidden",
   "property_type": "Check",
   "row_name": null,
   "value": "1"
  }
 ],
 "sync_on_migrate": 1
}