{
 "custom_fields": [],
 "custom_perms": [],
 "doctype": "Header Print",
 "property_setters": [
  {
   "_assign": null,
   "_comments": null,
   "_liked_by": null,
   "_user_tags": null,
   "creation": "2023-09-22 10:46:18.541690",
   "default_value": null,
   "doc_type": "Header Print",
   "docstatus": 0,
   "doctype_or_field": "DocField",
   "field_name": "page_contents",
   "idx": 0,
   "modified": "2023-09-22 10:46:18.541690",
   "modified_by": "Administrator",
   "name": "Header Print-page_contents-label",
   "owner": "Administrator",
   "parent": null,
   "parentfield": null,
   "parenttype": null,
   "property": "label",
   "property_type": "Data",
   "row_name": null,
   "value": "Page header"
  },
  {
   "_assign": null,
   "_comments": null,
   "_liked_by": null,
   "_user_tags": null,
   "creation": "2023-09-22 10:46:18.450826",
   "default_value": null,
   "doc_type": "Header Print",
   "docstatus": 0,
   "doctype_or_field": "DocField",
   "field_name": "header",
   "idx": 0,
   "modified": "2023-09-22 10:46:18.450826",
   "modified_by": "Administrator",
   "name": "Header Print-header-label",
   "owner": "Administrator",
   "parent": null,
   "parentfield": null,
   "parenttype": null,
   "property": "label",
   "property_type": "Data",
   "row_name": null,
   "value": "Page Name"
  }
 ],
 "sync_on_migrate": 1
}