{
 "custom_fields": [
  {
   "_assign": null,
   "_comments": null,
   "_liked_by": null,
   "_user_tags": null,
   "allow_in_quick_entry": 0,
   "allow_on_submit": 0,
   "bold": 0,
   "collapsible": 0,
   "collapsible_depends_on": null,
   "columns": 0,
   "creation": "2023-09-21 15:14:13.150319",
   "default": null,
   "depends_on": null,
   "description": null,
   "docstatus": 0,
   "dt": "Header Print Child",
   "fetch_from": null,
   "fetch_if_empty": 0,
   "fieldname": "disable",
   "fieldtype": "Check",
   "hidden": 0,
   "hide_border": 0,
   "hide_days": 0,
   "hide_seconds": 0,
   "idx": 6,
   "ignore_user_permissions": 0,
   "ignore_xss_filter": 0,
   "in_global_search": 0,
   "in_list_view": 1,
   "in_preview": 1,
   "in_standard_filter": 1,
   "insert_after": "add_letter_head",
   "label": "disable",
   "length": 0,
   "mandatory_depends_on": null,
   "modified": "2023-09-21 15:14:13.150319",
   "modified_by": "Administrator",
   "name": "Header Print Child-disable",
   "no_copy": 0,
   "non_negative": 0,
   "options": null,
   "owner": "Administrator",
   "parent": null,
   "parentfield": null,
   "parenttype": null,
   "permlevel": 0,
   "precision": "",
   "print_hide": 0,
   "print_hide_if_no_value": 0,
   "print_width": null,
   "read_only": 0,
   "read_only_depends_on": null,
   "report_hide": 0,
   "reqd": 0,
   "search_index": 0,
   "translatable": 0,
   "unique": 0,
   "width": null
  },
  {
   "_assign": null,
   "_comments": null,
   "_liked_by": null,
   "_user_tags": null,
   "allow_in_quick_entry": 0,
   "allow_on_submit": 0,
   "bold": 0,
   "collapsible": 0,
   "collapsible_depends_on": null,
   "columns": 0,
   "creation": "2023-09-21 15:32:17.204768",
   "default": null,
   "depends_on": null,
   "description": null,
   "docstatus": 0,
   "dt": "Header Print Child",
   "fetch_from": null,
   "fetch_if_empty": 0,
   "fieldname": "variables",
   "fieldtype": "Select",
   "hidden": 0,
   "hide_border": 0,
   "hide_days": 0,
   "hide_seconds": 0,
   "idx": 7,
   "ignore_user_permissions": 0,
   "ignore_xss_filter": 0,
   "in_global_search": 0,
   "in_list_view": 0,
   "in_preview": 0,
   "in_standard_filter": 0,
   "insert_after": "disable",
   "label": "variables",
   "length": 0,
   "mandatory_depends_on": null,
   "modified": "2023-09-21 15:32:17.204768",
   "modified_by": "Administrator",
   "name": "Header Print Child-variables",
   "no_copy": 0,
   "non_negative": 0,
   "options": "\n{{company}}\n{{auth_by}}\n{{email}}\n{{phone}}\n{{item}}\n{{capacity}}\n{{unit_per_kw}}\n{{monthly_gen}}\n{{yearly_gen}}\n{{no_of_panel}}\n{{per_day_gen}}\n{{bimonthly_gen}}\n{{area_sqft}}\n{{roof_type}}\n{{project_type}}\n{{qid}}\n{{year}}\n{{month_words}}\n{{month}}\n{{day}}\n{{date}}\n{{customer}}\n{{customer_address1}}\n{{customer_address2}}\n{{customer_city}}\n{{customer_pin}}\n{{customer_phone}}\n{{img}}",
   "owner": "Administrator",
   "parent": null,
   "parentfield": null,
   "parenttype": null,
   "permlevel": 0,
   "precision": "",
   "print_hide": 0,
   "print_hide_if_no_value": 0,
   "print_width": null,
   "read_only": 0,
   "read_only_depends_on": null,
   "report_hide": 0,
   "reqd": 0,
   "search_index": 0,
   "translatable": 0,
   "unique": 0,
   "width": null
  },
  {
   "_assign": null,
   "_comments": null,
   "_liked_by": null,
   "_user_tags": null,
   "allow_in_quick_entry": 0,
   "allow_on_submit": 0,
   "bold": 0,
   "collapsible": 0,
   "collapsible_depends_on": null,
   "columns": 0,
   "creation": "2023-09-21 16:28:27.033421",
   "default": null,
   "depends_on": null,
   "description": null,
   "docstatus": 0,
   "dt": "Header Print Child",
   "fetch_from": null,
   "fetch_if_empty": 0,
   "fieldname": "add_letter_head",
   "fieldtype": "Check",
   "hidden": 0,
   "hide_border": 0,
   "hide_days": 0,
   "hide_seconds": 0,
   "idx": 5,
   "ignore_user_permissions": 0,
   "ignore_xss_filter": 0,
   "in_global_search": 0,
   "in_list_view": 1,
   "in_preview": 1,
   "in_standard_filter": 0,
   "insert_after": "disbale",
   "label": "Add Letter Head",
   "length": 0,
   "mandatory_depends_on": null,
   "modified": "2023-09-21 16:28:27.033421",
   "modified_by": "Administrator",
   "name": "Header Print Child-add_letter_head",
   "no_copy": 0,
   "non_negative": 0,
   "options": null,
   "owner": "Administrator",
   "parent": null,
   "parentfield": null,
   "parenttype": null,
   "permlevel": 0,
   "precision": "",
   "print_hide": 0,
   "print_hide_if_no_value": 0,
   "print_width": null,
   "read_only": 0,
   "read_only_depends_on": null,
   "report_hide": 0,
   "reqd": 0,
   "search_index": 0,
   "translatable": 0,
   "unique": 0,
   "width": null
  }
 ],
 "custom_perms": [],
 "doctype": "Header Print Child",
 "property_setters": [
  {
   "_assign": null,
   "_comments": null,
   "_liked_by": null,
   "_user_tags": null,
   "creation": "2023-09-21 15:14:13.113394",
   "default_value": null,
   "doc_type": "Header Print Child",
   "docstatus": 0,
   "doctype_or_field": "DocField",
   "field_name": "disbale",
   "idx": 0,
   "modified": "2023-09-21 15:14:13.113394",
   "modified_by": "Administrator",
   "name": "Header Print Child-disbale-hidden",
   "owner": "Administrator",
   "parent": null,
   "parentfield": null,
   "parenttype": null,
   "property": "hidden",
   "property_type": "Check",
   "row_name": null,
   "value": "1"
  },
  {
   "_assign": null,
   "_comments": null,
   "_liked_by": null,
   "_user_tags": null,
   "creation": "2023-09-21 15:14:13.091841",
   "default_value": null,
   "doc_type": "Header Print Child",
   "docstatus": 0,
   "doctype_or_field": "DocField",
   "field_name": "disbale",
   "idx": 0,
   "modified": "2023-09-21 15:14:13.091841",
   "modified_by": "Administrator",
   "name": "Header Print Child-disbale-in_preview",
   "owner": "Administrator",
   "parent": null,
   "parentfield": null,
   "parenttype": null,
   "property": "in_preview",
   "property_type": "Check",
   "row_name": null,
   "value": "0"
  },
  {
   "_assign": null,
   "_comments": null,
   "_liked_by": null,
   "_user_tags": null,
   "creation": "2023-09-21 15:14:13.070487",
   "default_value": null,
   "doc_type": "Header Print Child",
   "docstatus": 0,
   "doctype_or_field": "DocField",
   "field_name": "disbale",
   "idx": 0,
   "modified": "2023-09-21 15:14:13.070487",
   "modified_by": "Administrator",
   "name": "Header Print Child-disbale-in_list_view",
   "owner": "Administrator",
   "parent": null,
   "parentfield": null,
   "parenttype": null,
   "property": "in_list_view",
   "property_type": "Check",
   "row_name": null,
   "value": "0"
  },
  {
   "_assign": null,
   "_comments": null,
   "_liked_by": null,
   "_user_tags": null,
   "creation": "2023-09-21 15:14:12.972874",
   "default_value": null,
   "doc_type": "Header Print Child",
   "docstatus": 0,
   "doctype_or_field": "DocField",
   "field_name": "disbale",
   "idx": 0,
   "modified": "2023-09-21 15:14:12.972874",
   "modified_by": "Administrator",
   "name": "Header Print Child-disbale-label",
   "owner": "Administrator",
   "parent": null,
   "parentfield": null,
   "parenttype": null,
   "property": "label",
   "property_type": "Data",
   "row_name": null,
   "value": "disable"
  },
  {
   "_assign": null,
   "_comments": null,
   "_liked_by": null,
   "_user_tags": null,
   "creation": "2023-09-16 18:01:13.711662",
   "default_value": null,
   "doc_type": "Header Print Child",
   "docstatus": 0,
   "doctype_or_field": "DocField",
   "field_name": "content",
   "idx": 0,
   "modified": "2023-09-16 18:01:13.711662",
   "modified_by": "Administrator",
   "name": "Header Print Child-content-description",
   "owner": "Administrator",
   "parent": null,
   "parentfield": null,
   "parenttype": null,
   "property": "description",
   "property_type": "Text",
   "row_name": null,
   "value": "Test"
  }
 ],
 "sync_on_migrate": 1
}