{
 "custom_fields": [
  {
   "_assign": null,
   "_comments": null,
   "_liked_by": null,
   "_user_tags": null,
   "allow_in_quick_entry": 0,
   "allow_on_submit": 0,
   "bold": 0,
   "collapsible": 0,
   "collapsible_depends_on": null,
   "columns": 0,
   "creation": "2022-10-28 12:36:43.086412",
   "default": null,
   "depends_on": null,
   "description": null,
   "docstatus": 0,
   "dt": "Inverter Details",
   "fetch_from": null,
   "fetch_if_empty": 0,
   "fieldname": "capacity_of_inverter",
   "fieldtype": "Data",
   "hidden": 0,
   "hide_border": 0,
   "hide_days": 0,
   "hide_seconds": 0,
   "idx": 4,
   "ignore_user_permissions": 0,
   "ignore_xss_filter": 0,
   "in_global_search": 0,
   "in_list_view": 1,
   "in_preview": 1,
   "in_standard_filter": 0,
   "insert_after": "inverter_serial_no",
   "label": "Capacity of Inverter",
   "length": 0,
   "mandatory_depends_on": null,
   "modified": "2022-10-28 12:36:43.086412",
   "modified_by": "Administrator",
   "name": "Inverter Details-capacity_of_inverter",
   "no_copy": 0,
   "non_negative": 0,
   "options": null,
   "owner": "Administrator",
   "parent": null,
   "parentfield": null,
   "parenttype": null,
   "permlevel": 0,
   "precision": "",
   "print_hide": 0,
   "print_hide_if_no_value": 0,
   "print_width": null,
   "read_only": 0,
   "read_only_depends_on": null,
   "report_hide": 0,
   "reqd": 0,
   "search_index": 0,
   "translatable": 1,
   "unique": 0,
   "width": null
  },
  {
   "_assign": null,
   "_comments": null,
   "_liked_by": null,
   "_user_tags": null,
   "allow_in_quick_entry": 0,
   "allow_on_submit": 0,
   "bold": 0,
   "collapsible": 0,
   "collapsible_depends_on": null,
   "columns": 0,
   "creation": "2023-07-20 22:20:11.164267",
   "default": null,
   "depends_on": null,
   "description": null,
   "docstatus": 0,
   "dt": "Inverter Details",
   "fetch_from": null,
   "fetch_if_empty": 0,
   "fieldname": "model",
   "fieldtype": "Data",
   "hidden": 0,
   "hide_border": 0,
   "hide_days": 0,
   "hide_seconds": 0,
   "idx": 5,
   "ignore_user_permissions": 0,
   "ignore_xss_filter": 0,
   "in_global_search": 0,
   "in_list_view": 0,
   "in_preview": 1,
   "in_standard_filter": 1,
   "insert_after": "capacity_of_inverter",
   "label": "Model",
   "length": 0,
   "mandatory_depends_on": null,
   "modified": "2023-07-20 22:20:11.164267",
   "modified_by": "Administrator",
   "name": "Inverter Details-model",
   "no_copy": 0,
   "non_negative": 0,
   "options": null,
   "owner": "Administrator",
   "parent": null,
   "parentfield": null,
   "parenttype": null,
   "permlevel": 0,
   "precision": "",
   "print_hide": 0,
   "print_hide_if_no_value": 0,
   "print_width": null,
   "read_only": 0,
   "read_only_depends_on": null,
   "report_hide": 0,
   "reqd": 0,
   "search_index": 0,
   "translatable": 1,
   "unique": 0,
   "width": null
  }
 ],
 "custom_perms": [],
 "doctype": "Inverter Details",
 "property_setters": [],
 "sync_on_migrate": 1
}