{
 "custom_fields": [],
 "custom_perms": [],
 "doctype": "KSEB Charges",
 "property_setters": [
  {
   "_assign": null,
   "_comments": null,
   "_liked_by": null,
   "_user_tags": null,
   "creation": "2023-09-28 10:30:38.222731",
   "default_value": null,
   "doc_type": "KSEB Charges",
   "docstatus": 0,
   "doctype_or_field": "DocField",
   "field_name": "kseb_charge",
   "idx": 0,
   "modified": "2023-09-28 10:30:38.222731",
   "modified_by": "Administrator",
   "name": "KSEB Charges-kseb_charge-in_preview",
   "owner": "Administrator",
   "parent": null,
   "parentfield": null,
   "parenttype": null,
   "property": "in_preview",
   "property_type": "Check",
   "row_name": null,
   "value": "0"
  },
  {
   "_assign": null,
   "_comments": null,
   "_liked_by": null,
   "_user_tags": null,
   "creation": "2023-09-28 10:30:38.138891",
   "default_value": null,
   "doc_type": "KSEB Charges",
   "docstatus": 0,
   "doctype_or_field": "DocField",
   "field_name": "kseb_charge",
   "idx": 0,
   "modified": "2023-09-28 10:30:38.138891",
   "modified_by": "Administrator",
   "name": "KSEB Charges-kseb_charge-in_list_view",
   "owner": "Administrator",
   "parent": null,
   "parentfield": null,
   "parenttype": null,
   "property": "in_list_view",
   "property_type": "Check",
   "row_name": null,
   "value": "0"
  },
  {
   "_assign": null,
   "_comments": null,
   "_liked_by": null,
   "_user_tags": null,
   "creation": "2023-09-27 13:34:55.769649",
   "default_value": null,
   "doc_type": "KSEB Charges",
   "docstatus": 0,
   "doctype_or_field": "DocField",
   "field_name": "kseb_charge",
   "idx": 0,
   "modified": "2023-09-27 13:34:55.769649",
   "modified_by": "Administrator",
   "name": "KSEB Charges-kseb_charge-hidden",
   "owner": "Administrator",
   "parent": null,
   "parentfield": null,
   "parenttype": null,
   "property": "hidden",
   "property_type": "Check",
   "row_name": null,
   "value": "1"
  },
  {
   "_assign": null,
   "_comments": null,
   "_liked_by": null,
   "_user_tags": null,
   "creation": "2023-08-22 11:46:32.986134",
   "default_value": null,
   "doc_type": "KSEB Charges",
   "docstatus": 0,
   "doctype_or_field": "DocField",
   "field_name": "kseb_charge",
   "idx": 0,
   "modified": "2023-08-22 11:46:32.986134",
   "modified_by": "Administrator",
   "name": "KSEB Charges-kseb_charge-label",
   "owner": "Administrator",
   "parent": null,
   "parentfield": null,
   "parenttype": null,
   "property": "label",
   "property_type": "Data",
   "row_name": null,
   "value": "Charge"
  },
  {
   "_assign": null,
   "_comments": null,
   "_liked_by": null,
   "_user_tags": null,
   "creation": "2023-08-22 11:03:55.795746",
   "default_value": null,
   "doc_type": "KSEB Charges",
   "docstatus": 0,
   "doctype_or_field": "DocField",
   "field_name": "phase_1_amount",
   "idx": 0,
   "modified": "2023-08-22 11:03:55.795746",
   "modified_by": "Administrator",
   "name": "KSEB Charges-phase_1_amount-hidden",
   "owner": "Administrator",
   "parent": null,
   "parentfield": null,
   "parenttype": null,
   "property": "hidden",
   "property_type": "Check",
   "row_name": null,
   "value": "1"
  },
  {
   "_assign": null,
   "_comments": null,
   "_liked_by": null,
   "_user_tags": null,
   "creation": "2023-08-22 11:03:55.778172",
   "default_value": null,
   "doc_type": "KSEB Charges",
   "docstatus": 0,
   "doctype_or_field": "DocField",
   "field_name": "phase_1_amount",
   "idx": 0,
   "modified": "2023-08-22 11:03:55.778172",
   "modified_by": "Administrator",
   "name": "KSEB Charges-phase_1_amount-in_preview",
   "owner": "Administrator",
   "parent": null,
   "parentfield": null,
   "parenttype": null,
   "property": "in_preview",
   "property_type": "Check",
   "row_name": null,
   "value": "0"
  },
  {
   "_assign": null,
   "_comments": null,
   "_liked_by": null,
   "_user_tags": null,
   "creation": "2023-08-22 11:03:55.760441",
   "default_value": null,
   "doc_type": "KSEB Charges",
   "docstatus": 0,
   "doctype_or_field": "DocField",
   "field_name": "phase_1_amount",
   "idx": 0,
   "modified": "2023-08-22 11:03:55.760441",
   "modified_by": "Administrator",
   "name": "KSEB Charges-phase_1_amount-in_list_view",
   "owner": "Administrator",
   "parent": null,
   "parentfield": null,
   "parenttype": null,
   "property": "in_list_view",
   "property_type": "Check",
   "row_name": null,
   "value": "0"
  },
  {
   "_assign": null,
   "_comments": null,
   "_liked_by": null,
   "_user_tags": null,
   "creation": "2023-08-22 11:03:55.683764",
   "default_value": null,
   "doc_type": "KSEB Charges",
   "docstatus": 0,
   "doctype_or_field": "DocField",
   "field_name": "phase__3_amount",
   "idx": 0,
   "modified": "2023-08-22 11:03:55.683764",
   "modified_by": "Administrator",
   "name": "KSEB Charges-phase__3_amount-label",
   "owner": "Administrator",
   "parent": null,
   "parentfield": null,
   "parenttype": null,
   "property": "label",
   "property_type": "Data",
   "row_name": null,
   "value": "Amount"
  }
 ],
 "sync_on_migrate": 1
}