{
 "custom_fields": [],
 "custom_perms": [],
 "doctype": "Linked Documents",
 "property_setters": [
  {
   "_assign": null,
   "_comments": null,
   "_liked_by": null,
   "_user_tags": null,
   "creation": "2022-10-27 18:28:34.007051",
   "default_value": null,
   "doc_type": "Linked Documents",
   "docstatus": 0,
   "doctype_or_field": "DocField",
   "field_name": "document_id",
   "idx": 0,
   "modified": "2022-10-27 18:28:34.007051",
   "modified_by": "Administrator",
   "name": "Linked Documents-document_id-hidden",
   "owner": "Administrator",
   "parent": null,
   "parentfield": null,
   "parenttype": null,
   "property": "hidden",
   "property_type": "Check",
   "row_name": null,
   "value": "1"
  },
  {
   "_assign": null,
   "_comments": null,
   "_liked_by": null,
   "_user_tags": null,
   "creation": "2022-10-27 18:28:33.892372",
   "default_value": null,
   "doc_type": "Linked Documents",
   "docstatus": 0,
   "doctype_or_field": "DocField",
   "field_name": "document_name",
   "idx": 0,
   "modified": "2022-10-27 18:28:33.892372",
   "modified_by": "Administrator",
   "name": "Linked Documents-document_name-hidden",
   "owner": "Administrator",
   "parent": null,
   "parentfield": null,
   "parenttype": null,
   "property": "hidden",
   "property_type": "Check",
   "row_name": null,
   "value": "1"
  }
 ],
 "sync_on_migrate": 1
}