{
 "custom_fields": [],
 "custom_perms": [],
 "doctype": "MNRE Agreement",
 "property_setters": [
  {
   "_assign": null,
   "_comments": null,
   "_liked_by": null,
   "_user_tags": null,
   "creation": "2023-04-27 12:46:47.635457",
   "default_value": null,
   "doc_type": "MNRE Agreement",
   "docstatus": 0,
   "doctype_or_field": "DocType",
   "field_name": null,
   "idx": 0,
   "modified": "2023-04-27 12:46:47.635457",
   "modified_by": "Administrator",
   "name": "MNRE Agreement-main-autoname",
   "owner": "Administrator",
   "parent": null,
   "parentfield": null,
   "parenttype": null,
   "property": "autoname",
   "property_type": "Data",
   "row_name": null,
   "value": "format:MNRE-AG-{customer}-{####}"
  }
 ],
 "sync_on_migrate": 1
}