{
 "custom_fields": [
  {
   "_assign": null,
   "_comments": null,
   "_liked_by": null,
   "_user_tags": null,
   "allow_in_quick_entry": 0,
   "allow_on_submit": 0,
   "bold": 0,
   "collapsible": 0,
   "collapsible_depends_on": null,
   "columns": 0,
   "creation": "2023-07-16 20:54:26.746465",
   "default": null,
   "depends_on": null,
   "description": null,
   "docstatus": 0,
   "dt": "Packed Item",
   "fetch_from": null,
   "fetch_if_empty": 0,
   "fieldname": "update_quantity",
   "fieldtype": "Float",
   "hidden": 0,
   "hide_border": 0,
   "hide_days": 0,
   "hide_seconds": 0,
   "idx": 12,
   "ignore_user_permissions": 0,
   "ignore_xss_filter": 0,
   "in_global_search": 0,
   "in_list_view": 0,
   "in_preview": 0,
   "in_standard_filter": 0,
   "insert_after": "qty",
   "label": "Update Quantity",
   "length": 0,
   "mandatory_depends_on": null,
   "modified": "2023-07-16 20:54:26.746465",
   "modified_by": "Administrator",
   "name": "Packed Item-update_quantity",
   "no_copy": 0,
   "non_negative": 0,
   "options": null,
   "owner": "Administrator",
   "parent": null,
   "parentfield": null,
   "parenttype": null,
   "permlevel": 0,
   "precision": "",
   "print_hide": 0,
   "print_hide_if_no_value": 0,
   "print_width": null,
   "read_only": 0,
   "read_only_depends_on": null,
   "report_hide": 0,
   "reqd": 0,
   "search_index": 0,
   "translatable": 0,
   "unique": 0,
   "width": null
  },
  {
   "_assign": null,
   "_comments": null,
   "_liked_by": null,
   "_user_tags": null,
   "allow_in_quick_entry": 0,
   "allow_on_submit": 0,
   "bold": 0,
   "collapsible": 0,
   "collapsible_depends_on": null,
   "columns": 0,
   "creation": "2023-07-21 23:43:18.578554",
   "default": null,
   "depends_on": null,
   "description": null,
   "docstatus": 0,
   "dt": "Packed Item",
   "fetch_from": "item_code.minimum_quantity",
   "fetch_if_empty": 0,
   "fieldname": "reorder_level",
   "fieldtype": "Float",
   "hidden": 0,
   "hide_border": 0,
   "hide_days": 0,
   "hide_seconds": 0,
   "idx": 31,
   "ignore_user_permissions": 0,
   "ignore_xss_filter": 0,
   "in_global_search": 0,
   "in_list_view": 1,
   "in_preview": 1,
   "in_standard_filter": 0,
   "insert_after": "parent_detail_docname",
   "label": "Reorder Level",
   "length": 0,
   "mandatory_depends_on": null,
   "modified": "2023-07-21 23:43:18.578554",
   "modified_by": "Administrator",
   "name": "Packed Item-reorder_level",
   "no_copy": 0,
   "non_negative": 0,
   "options": null,
   "owner": "Administrator",
   "parent": null,
   "parentfield": null,
   "parenttype": null,
   "permlevel": 0,
   "precision": "",
   "print_hide": 0,
   "print_hide_if_no_value": 0,
   "print_width": null,
   "read_only": 0,
   "read_only_depends_on": null,
   "report_hide": 0,
   "reqd": 0,
   "search_index": 0,
   "translatable": 0,
   "unique": 0,
   "width": null
  },
  {
   "_assign": null,
   "_comments": null,
   "_liked_by": null,
   "_user_tags": null,
   "allow_in_quick_entry": 0,
   "allow_on_submit": 0,
   "bold": 0,
   "collapsible": 0,
   "collapsible_depends_on": null,
   "columns": 0,
   "creation": "2023-08-01 15:41:13.989438",
   "default": null,
   "depends_on": null,
   "description": null,
   "docstatus": 0,
   "dt": "Packed Item",
   "fetch_from": "item_code.brand",
   "fetch_if_empty": 0,
   "fieldname": "make",
   "fieldtype": "Link",
   "hidden": 0,
   "hide_border": 0,
   "hide_days": 0,
   "hide_seconds": 0,
   "idx": 15,
   "ignore_user_permissions": 0,
   "ignore_xss_filter": 0,
   "in_global_search": 0,
   "in_list_view": 0,
   "in_preview": 0,
   "in_standard_filter": 0,
   "insert_after": "uom",
   "label": "Make",
   "length": 0,
   "mandatory_depends_on": null,
   "modified": "2023-08-01 15:41:13.989438",
   "modified_by": "Administrator",
   "name": "Packed Item-make",
   "no_copy": 0,
   "non_negative": 0,
   "options": "Brand",
   "owner": "Administrator",
   "parent": null,
   "parentfield": null,
   "parenttype": null,
   "permlevel": 0,
   "precision": "",
   "print_hide": 0,
   "print_hide_if_no_value": 0,
   "print_width": null,
   "read_only": 0,
   "read_only_depends_on": null,
   "report_hide": 0,
   "reqd": 0,
   "search_index": 0,
   "translatable": 0,
   "unique": 0,
   "width": null
  }
 ],
 "custom_perms": [],
 "doctype": "Packed Item",
 "property_setters": [
  {
   "_assign": null,
   "_comments": null,
   "_liked_by": null,
   "_user_tags": null,
   "creation": "2024-04-08 11:15:19.958821",
   "default_value": null,
   "doc_type": "Packed Item",
   "docstatus": 0,
   "doctype_or_field": "DocField",
   "field_name": "rate",
   "idx": 0,
   "modified": "2024-04-08 11:15:19.958821",
   "modified_by": "Administrator",
   "name": "Packed Item-rate-read_only",
   "owner": "Administrator",
   "parent": null,
   "parentfield": null,
   "parenttype": null,
   "property": "read_only",
   "property_type": "Check",
   "row_name": null,
   "value": "1"
  },
  {
   "_assign": null,
   "_comments": null,
   "_liked_by": null,
   "_user_tags": null,
   "creation": "2023-07-16 21:03:44.789533",
   "default_value": null,
   "doc_type": "Packed Item",
   "docstatus": 0,
   "doctype_or_field": "DocField",
   "field_name": "qty",
   "idx": 0,
   "modified": "2023-07-16 21:03:44.789533",
   "modified_by": "Administrator",
   "name": "Packed Item-qty-in_preview",
   "owner": "Administrator",
   "parent": null,
   "parentfield": null,
   "parenttype": null,
   "property": "in_preview",
   "property_type": "Check",
   "row_name": null,
   "value": "1"
  }
 ],
 "sync_on_migrate": 1
}