{
 "custom_fields": [],
 "custom_perms": [],
 "doctype": "Print Heading",
 "property_setters": [
  {
   "_assign": null,
   "_comments": null,
   "_liked_by": null,
   "_user_tags": null,
   "creation": "2023-09-22 11:34:03.975182",
   "default_value": null,
   "doc_type": "Print Heading",
   "docstatus": 0,
   "doctype_or_field": "DocField",
   "field_name": "print_heading",
   "idx": 0,
   "modified": "2023-09-22 11:34:03.975182",
   "modified_by": "Administrator",
   "name": "Print Heading-print_heading-unique",
   "owner": "Administrator",
   "parent": null,
   "parentfield": null,
   "parenttype": null,
   "property": "unique",
   "property_type": "Check",
   "row_name": null,
   "value": "1"
  }
 ],
 "sync_on_migrate": 1
}