{
 "custom_fields": [
  {
   "_assign": null,
   "_comments": null,
   "_liked_by": null,
   "_user_tags": null,
   "allow_in_quick_entry": 0,
   "allow_on_submit": 0,
   "bold": 0,
   "collapsible": 0,
   "collapsible_depends_on": null,
   "columns": 0,
   "creation": "2023-05-04 14:47:36.538985",
   "default": null,
   "depends_on": null,
   "description": null,
   "docstatus": 0,
   "dt": "Product Bundle Item",
   "fetch_from": "item_code.brand",
   "fetch_if_empty": 0,
   "fieldname": "make",
   "fieldtype": "Link",
   "hidden": 0,
   "hide_border": 0,
   "hide_days": 0,
   "hide_seconds": 0,
   "idx": 6,
   "ignore_user_permissions": 0,
   "ignore_xss_filter": 0,
   "in_global_search": 0,
   "in_list_view": 1,
   "in_preview": 1,
   "in_standard_filter": 0,
   "insert_after": "uom",
   "label": "Make",
   "length": 0,
   "mandatory_depends_on": null,
   "modified": "2023-05-04 14:47:36.538985",
   "modified_by": "Administrator",
   "name": "Product Bundle Item-make",
   "no_copy": 0,
   "non_negative": 0,
   "options": "Brand",
   "owner": "Administrator",
   "parent": null,
   "parentfield": null,
   "parenttype": null,
   "permlevel": 0,
   "precision": "",
   "print_hide": 0,
   "print_hide_if_no_value": 0,
   "print_width": null,
   "read_only": 0,
   "read_only_depends_on": null,
   "report_hide": 0,
   "reqd": 0,
   "search_index": 0,
   "translatable": 0,
   "unique": 0,
   "width": null
  },
  {
   "_assign": null,
   "_comments": null,
   "_liked_by": null,
   "_user_tags": null,
   "allow_in_quick_entry": 0,
   "allow_on_submit": 0,
   "bold": 0,
   "collapsible": 0,
   "collapsible_depends_on": null,
   "columns": 0,
   "creation": "2023-05-04 16:40:07.871440",
   "default": null,
   "depends_on": null,
   "description": null,
   "docstatus": 0,
   "dt": "Product Bundle Item",
   "fetch_from": null,
   "fetch_if_empty": 0,
   "fieldname": "warranty_period",
   "fieldtype": "Data",
   "hidden": 0,
   "hide_border": 0,
   "hide_days": 0,
   "hide_seconds": 0,
   "idx": 7,
   "ignore_user_permissions": 0,
   "ignore_xss_filter": 0,
   "in_global_search": 0,
   "in_list_view": 1,
   "in_preview": 1,
   "in_standard_filter": 0,
   "insert_after": "make",
   "label": "Warranty Period",
   "length": 0,
   "mandatory_depends_on": null,
   "modified": "2023-05-04 16:40:07.871440",
   "modified_by": "Administrator",
   "name": "Product Bundle Item-warranty_period",
   "no_copy": 0,
   "non_negative": 0,
   "options": null,
   "owner": "Administrator",
   "parent": null,
   "parentfield": null,
   "parenttype": null,
   "permlevel": 0,
   "precision": "",
   "print_hide": 0,
   "print_hide_if_no_value": 0,
   "print_width": null,
   "read_only": 0,
   "read_only_depends_on": null,
   "report_hide": 0,
   "reqd": 0,
   "search_index": 0,
   "translatable": 1,
   "unique": 0,
   "width": null
  },
  {
   "_assign": null,
   "_comments": null,
   "_liked_by": null,
   "_user_tags": null,
   "allow_in_quick_entry": 0,
   "allow_on_submit": 0,
   "bold": 0,
   "collapsible": 0,
   "collapsible_depends_on": null,
   "columns": 0,
   "creation": "2023-05-04 17:41:59.427203",
   "default": null,
   "depends_on": null,
   "description": null,
   "docstatus": 0,
   "dt": "Product Bundle Item",
   "fetch_from": null,
   "fetch_if_empty": 0,
   "fieldname": "print_on_quotation",
   "fieldtype": "Check",
   "hidden": 0,
   "hide_border": 0,
   "hide_days": 0,
   "hide_seconds": 0,
   "idx": 8,
   "ignore_user_permissions": 0,
   "ignore_xss_filter": 0,
   "in_global_search": 0,
   "in_list_view": 1,
   "in_preview": 1,
   "in_standard_filter": 0,
   "insert_after": "warranty_period",
   "label": "Print on Quotation",
   "length": 0,
   "mandatory_depends_on": null,
   "modified": "2023-05-04 17:41:59.427203",
   "modified_by": "Administrator",
   "name": "Product Bundle Item-print_on_quotation",
   "no_copy": 0,
   "non_negative": 0,
   "options": null,
   "owner": "Administrator",
   "parent": null,
   "parentfield": null,
   "parenttype": null,
   "permlevel": 0,
   "precision": "",
   "print_hide": 0,
   "print_hide_if_no_value": 0,
   "print_width": null,
   "read_only": 0,
   "read_only_depends_on": null,
   "report_hide": 0,
   "reqd": 0,
   "search_index": 0,
   "translatable": 0,
   "unique": 0,
   "width": null
  }
 ],
 "custom_perms": [],
 "doctype": "Product Bundle Item",
 "property_setters": [],
 "sync_on_migrate": 1
}