{
 "custom_fields": [
  {
   "_assign": null,
   "_comments": null,
   "_liked_by": null,
   "_user_tags": null,
   "allow_in_quick_entry": 0,
   "allow_on_submit": 0,
   "bold": 0,
   "collapsible": 0,
   "collapsible_depends_on": null,
   "columns": 1,
   "creation": "2022-11-07 23:29:48.770126",
   "default": null,
   "depends_on": null,
   "description": null,
   "docstatus": 0,
   "dt": "Project Template Task",
   "fetch_from": null,
   "fetch_if_empty": 0,
   "fieldname": "order_number",
   "fieldtype": "Data",
   "hidden": 0,
   "hide_border": 0,
   "hide_days": 0,
   "hide_seconds": 0,
   "idx": 4,
   "ignore_user_permissions": 0,
   "ignore_xss_filter": 0,
   "in_global_search": 0,
   "in_list_view": 1,
   "in_preview": 1,
   "in_standard_filter": 0,
   "insert_after": "starting_day",
   "label": "Order Number",
   "length": 0,
   "mandatory_depends_on": null,
   "modified": "2022-11-07 23:29:48.770126",
   "modified_by": "Administrator",
   "name": "Project Template Task-order_number",
   "no_copy": 0,
   "non_negative": 0,
   "options": null,
   "owner": "Administrator",
   "parent": null,
   "parentfield": null,
   "parenttype": null,
   "permlevel": 0,
   "precision": "",
   "print_hide": 0,
   "print_hide_if_no_value": 0,
   "print_width": null,
   "read_only": 0,
   "read_only_depends_on": null,
   "report_hide": 0,
   "reqd": 0,
   "search_index": 0,
   "translatable": 1,
   "unique": 0,
   "width": null
  },
  {
   "_assign": null,
   "_comments": null,
   "_liked_by": null,
   "_user_tags": null,
   "allow_in_quick_entry": 0,
   "allow_on_submit": 0,
   "bold": 0,
   "collapsible": 0,
   "collapsible_depends_on": null,
   "columns": 1,
   "creation": "2023-01-05 15:34:41.497821",
   "default": null,
   "depends_on": null,
   "description": null,
   "docstatus": 0,
   "dt": "Project Template Task",
   "fetch_from": null,
   "fetch_if_empty": 0,
   "fieldname": "starting_day",
   "fieldtype": "Int",
   "hidden": 0,
   "hide_border": 0,
   "hide_days": 0,
   "hide_seconds": 0,
   "idx": 3,
   "ignore_user_permissions": 0,
   "ignore_xss_filter": 0,
   "in_global_search": 0,
   "in_list_view": 1,
   "in_preview": 1,
   "in_standard_filter": 0,
   "insert_after": "subject",
   "label": "Starting Day",
   "length": 0,
   "mandatory_depends_on": null,
   "modified": "2023-01-05 15:34:41.497821",
   "modified_by": "Administrator",
   "name": "Project Template Task-starting_day",
   "no_copy": 0,
   "non_negative": 0,
   "options": null,
   "owner": "Administrator",
   "parent": null,
   "parentfield": null,
   "parenttype": null,
   "permlevel": 0,
   "precision": "",
   "print_hide": 0,
   "print_hide_if_no_value": 0,
   "print_width": null,
   "read_only": 0,
   "read_only_depends_on": null,
   "report_hide": 0,
   "reqd": 0,
   "search_index": 0,
   "translatable": 0,
   "unique": 0,
   "width": null
  },
  {
   "_assign": null,
   "_comments": null,
   "_liked_by": null,
   "_user_tags": null,
   "allow_in_quick_entry": 0,
   "allow_on_submit": 0,
   "bold": 0,
   "collapsible": 0,
   "collapsible_depends_on": null,
   "columns": 1,
   "creation": "2023-02-09 21:52:59.520126",
   "default": null,
   "depends_on": null,
   "description": null,
   "docstatus": 0,
   "dt": "Project Template Task",
   "fetch_from": null,
   "fetch_if_empty": 0,
   "fieldname": "is_attachment_mandatory",
   "fieldtype": "Check",
   "hidden": 0,
   "hide_border": 0,
   "hide_days": 0,
   "hide_seconds": 0,
   "idx": 5,
   "ignore_user_permissions": 0,
   "ignore_xss_filter": 0,
   "in_global_search": 0,
   "in_list_view": 1,
   "in_preview": 1,
   "in_standard_filter": 0,
   "insert_after": "order_number",
   "label": "Is attachment Mandatory",
   "length": 0,
   "mandatory_depends_on": null,
   "modified": "2023-02-09 21:52:59.520126",
   "modified_by": "Administrator",
   "name": "Project Template Task-is_attachment_mandatory",
   "no_copy": 0,
   "non_negative": 0,
   "options": null,
   "owner": "Administrator",
   "parent": null,
   "parentfield": null,
   "parenttype": null,
   "permlevel": 0,
   "precision": "",
   "print_hide": 0,
   "print_hide_if_no_value": 0,
   "print_width": null,
   "read_only": 0,
   "read_only_depends_on": null,
   "report_hide": 0,
   "reqd": 0,
   "search_index": 0,
   "translatable": 0,
   "unique": 0,
   "width": null
  }
 ],
 "custom_perms": [],
 "doctype": "Project Template Task",
 "property_setters": [
  {
   "_assign": null,
   "_comments": null,
   "_liked_by": null,
   "_user_tags": null,
   "creation": "2023-09-06 10:52:13.258162",
   "default_value": null,
   "doc_type": "Project Template Task",
   "docstatus": 0,
   "doctype_or_field": "DocField",
   "field_name": "subject",
   "idx": 0,
   "modified": "2023-09-06 10:52:13.258162",
   "modified_by": "Administrator",
   "name": "Project Template Task-subject-in_preview",
   "owner": "Administrator",
   "parent": null,
   "parentfield": null,
   "parenttype": null,
   "property": "in_preview",
   "property_type": "Check",
   "row_name": null,
   "value": "1"
  }
 ],
 "sync_on_migrate": 1
}