{
 "custom_fields": [
  {
   "_assign": null,
   "_comments": null,
   "_liked_by": null,
   "_user_tags": null,
   "allow_in_quick_entry": 0,
   "allow_on_submit": 0,
   "bold": 0,
   "collapsible": 0,
   "collapsible_depends_on": null,
   "columns": 0,
   "creation": "2024-01-24 14:52:17.645640",
   "default": null,
   "depends_on": null,
   "description": null,
   "docstatus": 0,
   "dt": "Quotation Print Images",
   "fetch_from": null,
   "fetch_if_empty": 0,
   "fieldname": "specification",
   "fieldtype": "HTML Editor",
   "hidden": 0,
   "hide_border": 0,
   "hide_days": 0,
   "hide_seconds": 0,
   "idx": 4,
   "ignore_user_permissions": 0,
   "ignore_xss_filter": 0,
   "in_global_search": 0,
   "in_list_view": 0,
   "in_preview": 0,
   "in_standard_filter": 0,
   "insert_after": "attachment",
   "label": "Specification",
   "length": 0,
   "mandatory_depends_on": null,
   "modified": "2024-01-24 14:52:17.645640",
   "modified_by": "Administrator",
   "name": "Quotation Print Images-specification",
   "no_copy": 0,
   "non_negative": 0,
   "options": null,
   "owner": "Administrator",
   "parent": null,
   "parentfield": null,
   "parenttype": null,
   "permlevel": 0,
   "precision": "",
   "print_hide": 0,
   "print_hide_if_no_value": 0,
   "print_width": null,
   "read_only": 0,
   "read_only_depends_on": null,
   "report_hide": 0,
   "reqd": 0,
   "search_index": 0,
   "translatable": 0,
   "unique": 0,
   "width": null
  },
  {
   "_assign": null,
   "_comments": null,
   "_liked_by": null,
   "_user_tags": null,
   "allow_in_quick_entry": 0,
   "allow_on_submit": 0,
   "bold": 0,
   "collapsible": 0,
   "collapsible_depends_on": null,
   "columns": 0,
   "creation": "2024-01-24 15:11:58.879558",
   "default": null,
   "depends_on": null,
   "description": null,
   "docstatus": 0,
   "dt": "Quotation Print Images",
   "fetch_from": null,
   "fetch_if_empty": 0,
   "fieldname": "item_name",
   "fieldtype": "Data",
   "hidden": 0,
   "hide_border": 0,
   "hide_days": 0,
   "hide_seconds": 0,
   "idx": 1,
   "ignore_user_permissions": 0,
   "ignore_xss_filter": 0,
   "in_global_search": 0,
   "in_list_view": 0,
   "in_preview": 0,
   "in_standard_filter": 0,
   "insert_after": "order_number",
   "label": "Item Name",
   "length": 0,
   "mandatory_depends_on": null,
   "modified": "2024-01-24 15:11:58.879558",
   "modified_by": "Administrator",
   "name": "Quotation Print Images-item_name",
   "no_copy": 0,
   "non_negative": 0,
   "options": null,
   "owner": "Administrator",
   "parent": null,
   "parentfield": null,
   "parenttype": null,
   "permlevel": 0,
   "precision": "",
   "print_hide": 0,
   "print_hide_if_no_value": 0,
   "print_width": null,
   "read_only": 0,
   "read_only_depends_on": null,
   "report_hide": 0,
   "reqd": 0,
   "search_index": 0,
   "translatable": 1,
   "unique": 0,
   "width": null
  },
  {
   "_assign": null,
   "_comments": null,
   "_liked_by": null,
   "_user_tags": null,
   "allow_in_quick_entry": 0,
   "allow_on_submit": 0,
   "bold": 0,
   "collapsible": 0,
   "collapsible_depends_on": null,
   "columns": 0,
   "creation": "2024-01-24 15:11:59.046655",
   "default": null,
   "depends_on": null,
   "description": null,
   "docstatus": 0,
   "dt": "Quotation Print Images",
   "fetch_from": null,
   "fetch_if_empty": 0,
   "fieldname": "make",
   "fieldtype": "Link",
   "hidden": 0,
   "hide_border": 0,
   "hide_days": 0,
   "hide_seconds": 0,
   "idx": 4,
   "ignore_user_permissions": 0,
   "ignore_xss_filter": 0,
   "in_global_search": 0,
   "in_list_view": 0,
   "in_preview": 0,
   "in_standard_filter": 0,
   "insert_after": "specification",
   "label": "Make",
   "length": 0,
   "mandatory_depends_on": null,
   "modified": "2024-01-24 15:11:59.046655",
   "modified_by": "Administrator",
   "name": "Quotation Print Images-make",
   "no_copy": 0,
   "non_negative": 0,
   "options": "Brand",
   "owner": "Administrator",
   "parent": null,
   "parentfield": null,
   "parenttype": null,
   "permlevel": 0,
   "precision": "",
   "print_hide": 0,
   "print_hide_if_no_value": 0,
   "print_width": null,
   "read_only": 0,
   "read_only_depends_on": null,
   "report_hide": 0,
   "reqd": 0,
   "search_index": 0,
   "translatable": 0,
   "unique": 0,
   "width": null
  }
 ],
 "custom_perms": [],
 "doctype": "Quotation Print Images",
 "property_setters": [],
 "sync_on_migrate": 1
}