{
 "custom_fields": [
  {
   "_assign": null,
   "_comments": null,
   "_liked_by": null,
   "_user_tags": null,
   "allow_in_quick_entry": 0,
   "allow_on_submit": 0,
   "bold": 0,
   "collapsible": 0,
   "collapsible_depends_on": null,
   "columns": 0,
   "creation": "2023-09-22 10:43:36.307603",
   "default": null,
   "depends_on": null,
   "description": null,
   "docstatus": 0,
   "dt": "Quotation Template",
   "fetch_from": null,
   "fetch_if_empty": 0,
   "fieldname": "page_footer",
   "fieldtype": "Table",
   "hidden": 0,
   "hide_border": 0,
   "hide_days": 0,
   "hide_seconds": 0,
   "idx": 4,
   "ignore_user_permissions": 0,
   "ignore_xss_filter": 0,
   "in_global_search": 0,
   "in_list_view": 0,
   "in_preview": 0,
   "in_standard_filter": 0,
   "insert_after": "page_contents",
   "label": "Page Footer",
   "length": 0,
   "mandatory_depends_on": null,
   "modified": "2023-09-22 10:43:36.307603",
   "modified_by": "Administrator",
   "name": "Header Print-page_footer",
   "no_copy": 0,
   "non_negative": 0,
   "options": "Header Print Child",
   "owner": "Administrator",
   "parent": null,
   "parentfield": null,
   "parenttype": null,
   "permlevel": 0,
   "precision": "",
   "print_hide": 0,
   "print_hide_if_no_value": 0,
   "print_width": null,
   "read_only": 0,
   "read_only_depends_on": null,
   "report_hide": 0,
   "reqd": 0,
   "search_index": 0,
   "translatable": 0,
   "unique": 0,
   "width": null
  }
 ],
 "custom_perms": [],
 "doctype": "Quotation Template",
 "property_setters": [
  {
   "_assign": null,
   "_comments": null,
   "_liked_by": null,
   "_user_tags": null,
   "creation": "2023-09-22 10:46:18.541690",
   "default_value": null,
   "doc_type": "Quotation Template",
   "docstatus": 0,
   "doctype_or_field": "DocField",
   "field_name": "page_contents",
   "idx": 0,
   "modified": "2023-09-22 10:46:18.541690",
   "modified_by": "Administrator",
   "name": "Header Print-page_contents-label",
   "owner": "Administrator",
   "parent": null,
   "parentfield": null,
   "parenttype": null,
   "property": "label",
   "property_type": "Data",
   "row_name": null,
   "value": "Page header"
  },
  {
   "_assign": null,
   "_comments": null,
   "_liked_by": null,
   "_user_tags": null,
   "creation": "2023-09-22 10:46:18.450826",
   "default_value": null,
   "doc_type": "Quotation Template",
   "docstatus": 0,
   "doctype_or_field": "DocField",
   "field_name": "header",
   "idx": 0,
   "modified": "2023-09-22 10:46:18.450826",
   "modified_by": "Administrator",
   "name": "Header Print-header-label",
   "owner": "Administrator",
   "parent": null,
   "parentfield": null,
   "parenttype": null,
   "property": "label",
   "property_type": "Data",
   "row_name": null,
   "value": "Page Name"
  }
 ],
 "sync_on_migrate": 1
}