{
 "custom_fields": [],
 "custom_perms": [],
 "doctype": "Site Survey Item",
 "property_setters": [
  {
   "_assign": null,
   "_comments": null,
   "_liked_by": null,
   "_user_tags": null,
   "creation": "2023-05-04 10:14:59.419680",
   "default_value": null,
   "doc_type": "Site Survey Item",
   "docstatus": 0,
   "doctype_or_field": "DocField",
   "field_name": "quantity",
   "idx": 0,
   "modified": "2023-05-04 10:14:59.419680",
   "modified_by": "Administrator",
   "name": "Site Survey Item-quantity-default",
   "owner": "Administrator",
   "parent": null,
   "parentfield": null,
   "parenttype": null,
   "property": "default",
   "property_type": "Text",
   "row_name": null,
   "value": ""
  },
  {
   "_assign": null,
   "_comments": null,
   "_liked_by": null,
   "_user_tags": null,
   "creation": "2023-05-04 09:52:42.990193",
   "default_value": null,
   "doc_type": "Site Survey Item",
   "docstatus": 0,
   "doctype_or_field": "DocField",
   "field_name": "amount",
   "idx": 0,
   "modified": "2023-05-04 09:52:42.990193",
   "modified_by": "Administrator",
   "name": "Site Survey Item-amount-in_preview",
   "owner": "Administrator",
   "parent": null,
   "parentfield": null,
   "parenttype": null,
   "property": "in_preview",
   "property_type": "Check",
   "row_name": null,
   "value": "0"
  },
  {
   "_assign": null,
   "_comments": null,
   "_liked_by": null,
   "_user_tags": null,
   "creation": "2023-05-04 09:52:42.952794",
   "default_value": null,
   "doc_type": "Site Survey Item",
   "docstatus": 0,
   "doctype_or_field": "DocField",
   "field_name": "amount",
   "idx": 0,
   "modified": "2023-05-04 09:52:42.952794",
   "modified_by": "Administrator",
   "name": "Site Survey Item-amount-in_list_view",
   "owner": "Administrator",
   "parent": null,
   "parentfield": null,
   "parenttype": null,
   "property": "in_list_view",
   "property_type": "Check",
   "row_name": null,
   "value": "0"
  },
  {
   "_assign": null,
   "_comments": null,
   "_liked_by": null,
   "_user_tags": null,
   "creation": "2023-05-03 16:44:58.959979",
   "default_value": null,
   "doc_type": "Site Survey Item",
   "docstatus": 0,
   "doctype_or_field": "DocField",
   "field_name": "rate",
   "idx": 0,
   "modified": "2023-05-03 16:44:58.959979",
   "modified_by": "Administrator",
   "name": "Site Survey Item-rate-fetch_from",
   "owner": "Administrator",
   "parent": null,
   "parentfield": null,
   "parenttype": null,
   "property": "fetch_from",
   "property_type": "Small Text",
   "row_name": null,
   "value": "item_code.standard_rate"
  }
 ],
 "sync_on_migrate": 1
}