{
 "custom_fields": [
  {
   "_assign": null,
   "_comments": null,
   "_liked_by": null,
   "_user_tags": null,
   "allow_in_quick_entry": 0,
   "allow_on_submit": 0,
   "bold": 0,
   "collapsible": 0,
   "collapsible_depends_on": null,
   "columns": 0,
   "creation": "2023-04-17 13:11:20.510129",
   "default": null,
   "depends_on": null,
   "description": null,
   "docstatus": 0,
   "dt": "Stock Entry Detail",
   "fetch_from": null,
   "fetch_if_empty": 0,
   "fieldname": "patient",
   "fieldtype": "Link",
   "hidden": 0,
   "hide_border": 0,
   "hide_days": 0,
   "hide_seconds": 0,
   "idx": 62,
   "ignore_user_permissions": 0,
   "ignore_xss_filter": 0,
   "in_global_search": 0,
   "in_list_view": 0,
   "in_preview": 0,
   "in_standard_filter": 0,
   "insert_after": "po_detail",
   "label": "Patient",
   "length": 0,
   "mandatory_depends_on": null,
   "modified": "2023-04-17 13:11:20.510129",
   "modified_by": "Administrator",
   "name": "Stock Entry Detail-patient",
   "no_copy": 0,
   "non_negative": 0,
   "options": "Patient",
   "owner": "Administrator",
   "parent": null,
   "parentfield": null,
   "parenttype": null,
   "permlevel": 0,
   "precision": "",
   "print_hide": 0,
   "print_hide_if_no_value": 0,
   "print_width": null,
   "read_only": 1,
   "read_only_depends_on": null,
   "report_hide": 0,
   "reqd": 0,
   "search_index": 0,
   "translatable": 1,
   "unique": 0,
   "width": null
  },
  {
   "_assign": null,
   "_comments": null,
   "_liked_by": null,
   "_user_tags": null,
   "allow_in_quick_entry": 0,
   "allow_on_submit": 0,
   "bold": 0,
   "collapsible": 0,
   "collapsible_depends_on": null,
   "columns": 0,
   "creation": "2023-04-17 13:11:20.552225",
   "default": null,
   "depends_on": null,
   "description": null,
   "docstatus": 0,
   "dt": "Stock Entry Detail",
   "fetch_from": null,
   "fetch_if_empty": 0,
   "fieldname": "inpatient_medication_entry_child",
   "fieldtype": "Data",
   "hidden": 0,
   "hide_border": 0,
   "hide_days": 0,
   "hide_seconds": 0,
   "idx": 63,
   "ignore_user_permissions": 0,
   "ignore_xss_filter": 0,
   "in_global_search": 0,
   "in_list_view": 0,
   "in_preview": 0,
   "in_standard_filter": 0,
   "insert_after": "patient",
   "label": "Inpatient Medication Entry Child",
   "length": 0,
   "mandatory_depends_on": null,
   "modified": "2023-04-17 13:11:20.552225",
   "modified_by": "Administrator",
   "name": "Stock Entry Detail-inpatient_medication_entry_child",
   "no_copy": 0,
   "non_negative": 0,
   "options": null,
   "owner": "Administrator",
   "parent": null,
   "parentfield": null,
   "parenttype": null,
   "permlevel": 0,
   "precision": "",
   "print_hide": 0,
   "print_hide_if_no_value": 0,
   "print_width": null,
   "read_only": 1,
   "read_only_depends_on": null,
   "report_hide": 0,
   "reqd": 0,
   "search_index": 0,
   "translatable": 1,
   "unique": 0,
   "width": null
  }
 ],
 "custom_perms": [],
 "doctype": "Stock Entry Detail",
 "property_setters": [
  {
   "_assign": null,
   "_comments": null,
   "_liked_by": null,
   "_user_tags": null,
   "creation": "2023-12-13 13:11:11.769080",
   "default_value": null,
   "doc_type": "Stock Entry Detail",
   "docstatus": 0,
   "doctype_or_field": "DocField",
   "field_name": "allow_zero_valuation_rate",
   "idx": 0,
   "modified": "2023-12-13 13:11:11.769080",
   "modified_by": "Administrator",
   "name": "Stock Entry Detail-allow_zero_valuation_rate-default",
   "owner": "Administrator",
   "parent": null,
   "parentfield": null,
   "parenttype": null,
   "property": "default",
   "property_type": "Text",
   "row_name": null,
   "value": "1"
  },
  {
   "_assign": null,
   "_comments": null,
   "_liked_by": null,
   "_user_tags": null,
   "creation": "2023-12-13 13:05:18.246796",
   "default_value": null,
   "doc_type": "Stock Entry Detail",
   "docstatus": 0,
   "doctype_or_field": "DocField",
   "field_name": "allow_zero_valuation_rate",
   "idx": 0,
   "modified": "2023-12-13 13:05:18.246796",
   "modified_by": "Administrator",
   "name": "Stock Entry Detail-allow_zero_valuation_rate-read_only_depends_on",
   "owner": "Administrator",
   "parent": null,
   "parentfield": null,
   "parenttype": null,
   "property": "read_only_depends_on",
   "property_type": "Data",
   "row_name": null,
   "value": ""
  },
  {
   "_assign": null,
   "_comments": null,
   "_liked_by": null,
   "_user_tags": null,
   "creation": "2023-04-17 13:11:22.912924",
   "default_value": null,
   "doc_type": "Stock Entry Detail",
   "docstatus": 0,
   "doctype_or_field": "DocField",
   "field_name": "barcode",
   "idx": 0,
   "modified": "2023-04-17 13:11:22.912924",
   "modified_by": "Administrator",
   "name": "Stock Entry Detail-barcode-hidden",
   "owner": "Administrator",
   "parent": null,
   "parentfield": null,
   "parenttype": null,
   "property": "hidden",
   "property_type": "Check",
   "row_name": null,
   "value": "1"
  }
 ],
 "sync_on_migrate": 1
}