{
 "custom_fields": [
  {
   "_assign": null,
   "_comments": null,
   "_liked_by": null,
   "_user_tags": null,
   "allow_in_quick_entry": 0,
   "allow_on_submit": 0,
   "bold": 0,
   "collapsible": 0,
   "collapsible_depends_on": null,
   "columns": 0,
   "creation": "2023-09-15 19:11:25.374021",
   "default": null,
   "depends_on": null,
   "description": null,
   "docstatus": 0,
   "dt": "System Specification",
   "fetch_from": null,
   "fetch_if_empty": 0,
   "fieldname": "amount",
   "fieldtype": "Data",
   "hidden": 0,
   "hide_border": 0,
   "hide_days": 0,
   "hide_seconds": 0,
   "idx": 7,
   "ignore_user_permissions": 0,
   "ignore_xss_filter": 0,
   "in_global_search": 0,
   "in_list_view": 1,
   "in_preview": 1,
   "in_standard_filter": 0,
   "insert_after": "warranty_period",
   "label": "Amount",
   "length": 0,
   "mandatory_depends_on": null,
   "modified": "2023-09-15 19:11:25.374021",
   "modified_by": "Administrator",
   "name": "System Specification-amount",
   "no_copy": 0,
   "non_negative": 0,
   "options": null,
   "owner": "Administrator",
   "parent": null,
   "parentfield": null,
   "parenttype": null,
   "permlevel": 0,
   "precision": "",
   "print_hide": 0,
   "print_hide_if_no_value": 0,
   "print_width": null,
   "read_only": 0,
   "read_only_depends_on": null,
   "report_hide": 0,
   "reqd": 0,
   "search_index": 0,
   "translatable": 1,
   "unique": 0,
   "width": null
  },
  {
   "_assign": null,
   "_comments": null,
   "_liked_by": null,
   "_user_tags": null,
   "allow_in_quick_entry": 0,
   "allow_on_submit": 0,
   "bold": 0,
   "collapsible": 0,
   "collapsible_depends_on": null,
   "columns": 0,
   "creation": "2023-09-15 19:13:36.858418",
   "default": null,
   "depends_on": null,
   "description": null,
   "docstatus": 0,
   "dt": "System Specification",
   "fetch_from": null,
   "fetch_if_empty": 0,
   "fieldname": "column_break_dyanp",
   "fieldtype": "Column Break",
   "hidden": 0,
   "hide_border": 0,
   "hide_days": 0,
   "hide_seconds": 0,
   "idx": 3,
   "ignore_user_permissions": 0,
   "ignore_xss_filter": 0,
   "in_global_search": 0,
   "in_list_view": 0,
   "in_preview": 0,
   "in_standard_filter": 0,
   "insert_after": "specification",
   "label": null,
   "length": 0,
   "mandatory_depends_on": null,
   "modified": "2023-09-15 19:13:36.858418",
   "modified_by": "Administrator",
   "name": "System Specification-column_break_dyanp",
   "no_copy": 0,
   "non_negative": 0,
   "options": null,
   "owner": "Administrator",
   "parent": null,
   "parentfield": null,
   "parenttype": null,
   "permlevel": 0,
   "precision": "",
   "print_hide": 0,
   "print_hide_if_no_value": 0,
   "print_width": null,
   "read_only": 0,
   "read_only_depends_on": null,
   "report_hide": 0,
   "reqd": 0,
   "search_index": 0,
   "translatable": 0,
   "unique": 0,
   "width": null
  },
  {
   "_assign": null,
   "_comments": null,
   "_liked_by": null,
   "_user_tags": null,
   "allow_in_quick_entry": 0,
   "allow_on_submit": 0,
   "bold": 0,
   "collapsible": 0,
   "collapsible_depends_on": null,
   "columns": 0,
   "creation": "2024-01-04 11:08:36.496211",
   "default": null,
   "depends_on": null,
   "description": null,
   "docstatus": 0,
   "dt": "System Specification",
   "fetch_from": null,
   "fetch_if_empty": 0,
   "fieldname": "image",
   "fieldtype": "Attach",
   "hidden": 0,
   "hide_border": 0,
   "hide_days": 0,
   "hide_seconds": 0,
   "idx": 7,
   "ignore_user_permissions": 0,
   "ignore_xss_filter": 0,
   "in_global_search": 0,
   "in_list_view": 0,
   "in_preview": 0,
   "in_standard_filter": 0,
   "insert_after": "amount",
   "label": "Image",
   "length": 0,
   "mandatory_depends_on": null,
   "modified": "2024-01-04 11:08:36.496211",
   "modified_by": "Administrator",
   "name": "System Specification-image",
   "no_copy": 0,
   "non_negative": 0,
   "options": null,
   "owner": "Administrator",
   "parent": null,
   "parentfield": null,
   "parenttype": null,
   "permlevel": 0,
   "precision": "",
   "print_hide": 0,
   "print_hide_if_no_value": 0,
   "print_width": null,
   "read_only": 0,
   "read_only_depends_on": null,
   "report_hide": 0,
   "reqd": 0,
   "search_index": 0,
   "translatable": 0,
   "unique": 0,
   "width": null
  }
 ],
 "custom_perms": [],
 "doctype": "System Specification",
 "property_setters": [
  {
   "_assign": null,
   "_comments": null,
   "_liked_by": null,
   "_user_tags": null,
   "creation": "2023-05-04 14:50:03.256796",
   "default_value": null,
   "doc_type": "System Specification",
   "docstatus": 0,
   "doctype_or_field": "DocField",
   "field_name": "warranty_period",
   "idx": 0,
   "modified": "2023-05-04 14:50:03.256796",
   "modified_by": "Administrator",
   "name": "System Specification-warranty_period-in_preview",
   "owner": "Administrator",
   "parent": null,
   "parentfield": null,
   "parenttype": null,
   "property": "in_preview",
   "property_type": "Check",
   "row_name": null,
   "value": "1"
  },
  {
   "_assign": null,
   "_comments": null,
   "_liked_by": null,
   "_user_tags": null,
   "creation": "2023-05-04 14:50:03.217353",
   "default_value": null,
   "doc_type": "System Specification",
   "docstatus": 0,
   "doctype_or_field": "DocField",
   "field_name": "warranty_period",
   "idx": 0,
   "modified": "2023-05-04 14:50:03.217353",
   "modified_by": "Administrator",
   "name": "System Specification-warranty_period-in_list_view",
   "owner": "Administrator",
   "parent": null,
   "parentfield": null,
   "parenttype": null,
   "property": "in_list_view",
   "property_type": "Check",
   "row_name": null,
   "value": "1"
  }
 ],
 "sync_on_migrate": 1
}