{
 "actions": [],
 "allow_rename": 1,
 "creation": "2024-03-16 14:06:00.388820",
 "doctype": "DocType",
 "editable_grid": 1,
 "engine": "InnoDB",
 "field_order": [
  "serial_no",
  "make",
  "model",
  "rated_output_power"
 ],
 "fields": [
  {
   "fieldname": "serial_no",
   "fieldtype": "Data",
   "in_list_view": 1,
   "in_preview": 1,
   "in_standard_filter": 1,
   "label": "Serial No"
  },
  {
   "fieldname": "make",
   "fieldtype": "Link",
   "in_list_view": 1,
   "in_preview": 1,
   "in_standard_filter": 1,
   "label": "Make",
   "options": "Brand"
  },
  {
   "fieldname": "model",
   "fieldtype": "Data",
   "in_global_search": 1,
   "in_list_view": 1,
   "in_preview": 1,
   "label": "Model"
  },
  {
   "fieldname": "rated_output_power",
   "fieldtype": "Data",
   "in_list_view": 1,
   "in_preview": 1,
   "in_standard_filter": 1,
   "label": "Rated Output Power"
  }
 ],
 "index_web_pages_for_search": 1,
 "istable": 1,
 "links": [],
 "modified": "2024-03-19 14:21:19.380049",
 "modified_by": "Administrator",
 "module": "a3sola Solar Management",
 "name": "SPV Module Details",
 "owner": "Administrator",
 "permissions": [],
 "sort_field": "modified",
 "sort_order": "DESC"
}