{
 "actions": [],
 "autoname": "autoincrement",
 "creation": "2022-03-18 12:51:22.320431",
 "doctype": "DocType",
 "editable_grid": 1,
 "engine": "InnoDB",
 "field_order": [
  "voltage",
  "ampere"
 ],
 "fields": [
  {
   "fieldname": "voltage",
   "fieldtype": "Data",
   "in_list_view": 1,
   "in_preview": 1,
   "label": "Voltage"
  },
  {
   "fieldname": "ampere",
   "fieldtype": "Data",
   "in_list_view": 1,
   "in_preview": 1,
   "label": "Ampere"
  }
 ],
 "index_web_pages_for_search": 1,
 "istable": 1,
 "links": [],
 "modified": "2022-03-18 12:51:22.320431",
 "modified_by": "Administrator",
 "module": "a3sola Solar Management",
 "name": "SPV String",
 "naming_rule": "Autoincrement",
 "owner": "Administrator",
 "permissions": [],
 "sort_field": "modified",
 "sort_order": "DESC",
 "states": []
}
