{
 "actions": [],
 "allow_rename": 1,
 "creation": "2022-11-30 10:58:25.188384",
 "doctype": "DocType",
 "editable_grid": 1,
 "engine": "InnoDB",
 "field_order": [
  "title",
  "enabled",
  "route"
 ],
 "fields": [
  {
   "fieldname": "title",
   "fieldtype": "Data",
   "in_list_view": 1,
   "in_preview": 1,
   "label": "Title"
  },
  {
   "default": "0",
   "fieldname": "enabled",
   "fieldtype": "Check",
   "in_list_view": 1,
   "in_preview": 1,
   "label": "Enabled"
  },
  {
   "fieldname": "route",
   "fieldtype": "Data",
   "in_list_view": 1,
   "in_preview": 1,
   "label": "Route"
  }
 ],
 "index_web_pages_for_search": 1,
 "istable": 1,
 "links": [],
 "modified": "2022-11-30 12:11:18.945776",
 "modified_by": "Administrator",
 "module": "a3sola Solar Management",
 "name": "Custom Menu Items",
 "owner": "Administrator",
 "permissions": [],
 "sort_field": "modified",
 "sort_order": "DESC"
}