{
 "based_on": "creation",
 "chart_name": "Lead",
 "chart_type": "Count",
 "creation": "2023-06-02 11:56:15.387145",
 "custom_options": "",
 "docstatus": 0,
 "doctype": "Dashboard Chart",
 "document_type": "Task",
 "dynamic_filters_json": "[]",
 "filters_json": "[]",
 "group_by_type": "Count",
 "idx": 0,
 "is_public": 0,
 "is_standard": 1,
 "last_synced_on": "2023-06-02 10:27:12.151504",
 "modified": "2023-06-02 11:56:15.387145",
 "modified_by": "Administrator",
 "module": "a3sola Solar Management",
 "name": "Lead",
 "number_of_groups": 0,
 "owner": "Administrator",
 "parent_document_type": "",
 "roles": [],
 "source": "",
 "time_interval": "Monthly",
 "timeseries": 1,
 "timespan": "Last Year",
 "type": "Bar",
 "use_report_chart": 0,
 "value_based_on": "",
 "y_axis": []
}