{
 "actions": [],
 "allow_rename": 1,
 "creation": "2023-08-24 16:53:28.489560",
 "doctype": "DocType",
 "editable_grid": 1,
 "engine": "InnoDB",
 "field_order": [
  "content"
 ],
 "fields": [
  {
   "fieldname": "content",
   "fieldtype": "HTML Editor",
   "in_list_view": 1,
   "in_preview": 1,
   "label": "Paragraph Content"
  }
 ],
 "index_web_pages_for_search": 1,
 "istable": 1,
 "links": [],
 "modified": "2023-08-24 17:45:01.453100",
 "modified_by": "Administrator",
 "module": "a3sola Solar Management",
 "name": "Feasibility",
 "owner": "Administrator",
 "permissions": [],
 "sort_field": "modified",
 "sort_order": "DESC"
}