{
 "actions": [],
 "allow_rename": 1,
 "creation": "2023-09-16 11:18:55.467621",
 "doctype": "DocType",
 "editable_grid": 1,
 "engine": "InnoDB",
 "field_order": [
  "spec_item",
  "spec_details",
  "quantity",
  "unit_price",
  "tax_rate",
  "item_tax",
  "total_amount"
 ],
 "fields": [
  {
   "fieldname": "spec_item",
   "fieldtype": "Data",
   "in_list_view": 1,
   "in_preview": 1,
   "label": "Spec Item"
  },
  {
   "fieldname": "spec_details",
   "fieldtype": "Small Text",
   "label": "Spec Details"
  },
  {
   "fieldname": "quantity",
   "fieldtype": "Data",
   "in_list_view": 1,
   "in_preview": 1,
   "label": "Quantity"
  },
  {
   "fieldname": "unit_price",
   "fieldtype": "Currency",
   "in_list_view": 1,
   "in_preview": 1,
   "label": "Unit Price"
  },
  {
   "fieldname": "tax_rate",
   "fieldtype": "Percent",
   "in_list_view": 1,
   "in_preview": 1,
   "label": "Tax Rate"
  },
  {
   "fieldname": "item_tax",
   "fieldtype": "Currency",
   "in_list_view": 1,
   "in_preview": 1,
   "label": "Item Tax"
  },
  {
   "fieldname": "total_amount",
   "fieldtype": "Currency",
   "in_list_view": 1,
   "in_preview": 1,
   "label": "Total Amount"
  }
 ],
 "index_web_pages_for_search": 1,
 "istable": 1,
 "links": [],
 "modified": "2023-09-16 11:20:53.643531",
 "modified_by": "Administrator",
 "module": "a3sola Solar Management",
 "name": "Specification Rate",
 "owner": "Administrator",
 "permissions": [],
 "sort_field": "modified",
 "sort_order": "DESC"
}